,eng_province,province,id,station_id,station_name,datetime,temp,dew_point,rh,pressure,wind_dir,wind_sp,visibility,rain_3h,cloud
0,Mae Hong Son,แม่ฮ่องสอน,3.0,48300.0,แม่ฮ่องสอน,2022-09-12 19:00:00,27.7,24.4,82.0,1007.55,ลมสงบ,ลมสงบ,10.0,ไม่มีฝน,มีเมฆเต็มท้องฟ้า
1,Mae Hong Son,แม่ฮ่องสอน,3.0,48300.0,แม่ฮ่องสอน,2022-09-12 16:00:00,30.5,24.3,70.0,1006.81,ลมสงบ,ลมสงบ,10.0,ไม่มีฝน,มีเมฆเต็มท้องฟ้า
2,Mae Hong Son,แม่ฮ่องสอน,3.0,48300.0,แม่ฮ่องสอน,2022-09-12 13:00:00,27.4,23.9,81.0,1010.46,ลมสงบ,ลมสงบ,9.0,0.5,มีเมฆเต็มท้องฟ้า
3,Mae Hong Son,แม่ฮ่องสอน,3.0,48300.0,แม่ฮ่องสอน,2022-09-12 10:00:00,24.5,23.0,91.0,1011.87,ลมสงบ,ลมสงบ,5.0,1.2,มีเมฆเต็มท้องฟ้า
4,Mae Hong Son,แม่ฮ่องสอน,3.0,48300.0,แม่ฮ่องสอน,2022-09-12 07:00:00,23.2,22.6,96.0,1010.48,ลมสงบ,ลมสงบ,3.0,2.1,มีเมฆเต็มท้องฟ้า
5,Mae Hong Son,แม่ฮ่องสอน,3.0,48300.0,แม่ฮ่องสอน,2022-09-12 04:00:00,23.9,23.3,97.0,1008.92,ลมสงบ,ลมสงบ,4.0,6.1,มีเมฆเต็มท้องฟ้า
6,Mae Hong Son,แม่ฮ่องสอน,3.0,48300.0,แม่ฮ่องสอน,2022-09-12 01:00:00,24.0,23.2,96.0,1010.28,ลมสงบ,ลมสงบ,5.0,15.2,มีเมฆเต็มท้องฟ้า
7,Mae Hong Son,แม่ฮ่องสอน,3.0,48300.0,แม่ฮ่องสอน,2022-09-11 22:00:00,24.5,23.8,96.0,1010.98,ลมสงบ,ลมสงบ,5.0,0.8,มีเมฆเต็มท้องฟ้า
8,Chumphon,ชุมพร,63.0,48517.0,ชุมพร,2022-09-12 19:00:00,26.2,24.0,88.0,1009.08,ลมสงบ,ลมสงบ,10.0,1.3,มีเมฆมาก
9,Chumphon,ชุมพร,63.0,48517.0,ชุมพร,2022-09-12 16:00:00,31.9,23.4,61.0,1006.83,SW,9.3,12.0,0.1,มีเมฆเป็นส่วนมาก
10,Chumphon,ชุมพร,63.0,48517.0,ชุมพร,2022-09-12 13:00:00,32.7,23.5,58.0,1008.94,WNW,7.4,12.0,ไม่มีฝน,มีเมฆเป็นส่วนมาก
11,Chumphon,ชุมพร,63.0,48517.0,ชุมพร,2022-09-12 10:00:00,30.1,24.2,71.0,1010.52,ลมสงบ,ลมสงบ,10.0,ไม่มีฝน,มีเมฆเป็นส่วนมาก
12,Chumphon,ชุมพร,63.0,48517.0,ชุมพร,2022-09-12 07:00:00,25.7,23.5,88.0,1009.67,ลมสงบ,ลมสงบ,8.0,ไม่มีฝน,มีเมฆมาก
13,Chumphon,ชุมพร,63.0,48517.0,ชุมพร,2022-09-12 04:00:00,26.0,23.5,86.0,1008.87,ลมสงบ,ลมสงบ,8.0,ไม่มีฝน,มีเมฆเต็มท้องฟ้า
14,Chumphon,ชุมพร,63.0,48517.0,ชุมพร,2022-09-12 01:00:00,26.3,23.4,84.0,1010.36,ลมสงบ,ลมสงบ,8.0,ไม่มีฝน,มีเมฆเป็นส่วนมาก
15,Chumphon,ชุมพร,63.0,48517.0,ชุมพร,2022-09-11 22:00:00,27.0,23.3,80.0,1010.76,ลมสงบ,ลมสงบ,8.0,ไม่มีฝน,มีเมฆเป็นส่วนมาก
16,Nakhon Si Thammarat,นครศรีธรรมราช,64.0,48552.0,นครศรีธรรมราช,2022-09-12 19:00:00,25.5,24.0,92.0,1009.1,NW,3.7,10.0,0.4,มีเมฆเต็มท้องฟ้า
17,Nakhon Si Thammarat,นครศรีธรรมราช,64.0,48552.0,นครศรีธรรมราช,2022-09-12 16:00:00,26.8,24.8,89.0,1007.8,ESE,7.4,9.0,0.6,มีเมฆมาก
18,Nakhon Si Thammarat,นครศรีธรรมราช,64.0,48552.0,นครศรีธรรมราช,2022-09-12 13:00:00,32.2,25.1,66.0,1008.6,NW,5.6,10.0,ไม่มีฝน,มีเมฆเป็นส่วนมาก
19,Nakhon Si Thammarat,นครศรีธรรมราช,64.0,48552.0,นครศรีธรรมราช,2022-09-12 10:00:00,30.0,24.6,73.0,1010.43,ลมสงบ,ลมสงบ,10.0,ไม่มีฝน,มีเมฆเป็นส่วนมาก
20,Nakhon Si Thammarat,นครศรีธรรมราช,64.0,48552.0,นครศรีธรรมราช,2022-09-12 07:00:00,24.7,24.0,96.0,1009.0,ลมสงบ,ลมสงบ,10.0,ไม่มีฝน,มีเมฆเต็มท้องฟ้า
21,Nakhon Si Thammarat,นครศรีธรรมราช,64.0,48552.0,นครศรีธรรมราช,2022-09-12 04:00:00,25.4,24.2,93.0,1009.05,ลมสงบ,ลมสงบ,10.0,ไม่มีฝน,มีเมฆเต็มท้องฟ้า
22,Nakhon Si Thammarat,นครศรีธรรมราช,64.0,48552.0,นครศรีธรรมราช,2022-09-12 01:00:00,25.9,24.6,93.0,1009.72,ลมสงบ,ลมสงบ,10.0,ไม่มีฝน,มีเมฆเต็มท้องฟ้า
23,Nakhon Si Thammarat,นครศรีธรรมราช,64.0,48552.0,นครศรีธรรมราช,2022-09-11 22:00:00,26.1,24.9,93.0,1010.37,ลมสงบ,ลมสงบ,10.0,ไม่มีฝน,มีเมฆเต็มท้องฟ้า
24,Phuket,ภูเก็ต,75.0,48565.0,ภูเก็ต (ศูนย์ฯ),2022-09-12 19:00:00,26.0,24.6,92.0,1008.49,ลมสงบ,ลมสงบ,10.0,0.8,มีเมฆเป็นส่วนมาก
25,Phuket,ภูเก็ต,75.0,48565.0,ภูเก็ต (ศูนย์ฯ),2022-09-12 16:00:00,27.5,24.6,84.0,1007.78,ลมสงบ,ลมสงบ,8.0,0.7,มีเมฆเต็มท้องฟ้า
26,Phuket,ภูเก็ต,75.0,48565.0,ภูเก็ต (ศูนย์ฯ),2022-09-12 13:00:00,25.0,24.3,96.0,1009.33,ลมสงบ,ลมสงบ,8.0,17.6,มีเมฆเต็มท้องฟ้า
27,Phuket,ภูเก็ต,75.0,48565.0,ภูเก็ต (ศูนย์ฯ),2022-09-12 10:00:00,32.0,24.0,63.0,1009.95,ลมสงบ,ลมสงบ,10.0,ไม่มีฝน,มีเมฆเป็นส่วนมาก
28,Phuket,ภูเก็ต,75.0,48565.0,ภูเก็ต (ศูนย์ฯ),2022-09-12 07:00:00,28.6,23.7,75.0,1008.75,W,7.4,10.0,ไม่มีฝน,มีเมฆเป็นส่วนมาก
29,Phuket,ภูเก็ต,75.0,48565.0,ภูเก็ต (ศูนย์ฯ),2022-09-12 04:00:00,27.0,25.3,90.0,1009.01,WSW,11.1,10.0,ไม่มีฝน,มีเมฆมาก
30,Phuket,ภูเก็ต,75.0,48565.0,ภูเก็ต (ศูนย์ฯ),2022-09-12 01:00:00,27.4,23.9,81.0,1010.3,SSW,13.0,10.0,ไม่มีฝน,มีเมฆเต็มท้องฟ้า
31,Phuket,ภูเก็ต,75.0,48565.0,ภูเก็ต (ศูนย์ฯ),2022-09-11 22:00:00,29.8,24.0,71.0,1009.5,SSW,14.8,10.0,ไม่มีฝน,มีเมฆเป็นส่วนมาก
32,Phangnga,พังงา,78.0,48561.0,ตะกั่วป่า,2022-09-12 19:00:00,25.0,24.3,96.0,1008.99,ลมสงบ,ลมสงบ,10.0,0.4,มีเมฆมาก
33,Phangnga,พังงา,78.0,48561.0,ตะกั่วป่า,2022-09-12 16:00:00,25.5,24.3,93.0,1008.62,ลมสงบ,ลมสงบ,10.0,8.8,มีเมฆเต็มท้องฟ้า
34,Phangnga,พังงา,78.0,48561.0,ตะกั่วป่า,2022-09-12 13:00:00,29.0,25.5,81.0,1009.73,WNW,11.1,10.0,ไม่มีฝน,มีเมฆเป็นส่วนมาก
35,Phangnga,พังงา,78.0,48561.0,ตะกั่วป่า,2022-09-12 10:00:00,27.0,25.0,89.0,1011.03,ลมสงบ,ลมสงบ,10.0,1.4,มีเมฆเป็นส่วนมาก
36,Phangnga,พังงา,78.0,48561.0,ตะกั่วป่า,2022-09-12 07:00:00,25.8,25.1,96.0,1009.18,ลมสงบ,ลมสงบ,10.0,0.8,มีเมฆมาก
37,Phangnga,พังงา,78.0,48561.0,ตะกั่วป่า,2022-09-12 04:00:00,25.9,25.0,95.0,1008.83,ลมสงบ,ลมสงบ,10.0,ไม่มีฝน,มีเมฆเป็นส่วนมาก
38,Phangnga,พังงา,78.0,48561.0,ตะกั่วป่า,2022-09-12 01:00:00,26.5,25.5,94.0,1010.23,ลมสงบ,ลมสงบ,10.0,ไม่มีฝน,มีเมฆเป็นส่วนมาก
39,Phangnga,พังงา,78.0,48561.0,ตะกั่วป่า,2022-09-11 22:00:00,28.5,24.2,78.0,1010.48,WSW,13.0,12.0,ไม่มีฝน,มีเมฆบางส่วน
40,Ranong,ระนอง,74.0,48532.0,ระนอง,2022-09-12 19:00:00,27.7,24.2,81.0,1009.07,ลมสงบ,ลมสงบ,10.0,ไม่มีฝน,มีเมฆเป็นส่วนมาก
41,Ranong,ระนอง,74.0,48532.0,ระนอง,2022-09-12 16:00:00,30.9,22.6,61.0,1007.47,WSW,7.4,10.0,ไม่มีฝน,มีเมฆมาก
42,Ranong,ระนอง,74.0,48532.0,ระนอง,2022-09-12 13:00:00,30.5,24.0,68.0,1009.81,W,7.4,10.0,ไม่มีฝน,มีเมฆเต็มท้องฟ้า
43,Ranong,ระนอง,74.0,48532.0,ระนอง,2022-09-12 10:00:00,28.2,23.5,76.0,1010.81,ลมสงบ,ลมสงบ,10.0,ไม่มีฝน,มีเมฆเป็นส่วนมาก
44,Ranong,ระนอง,74.0,48532.0,ระนอง,2022-09-12 07:00:00,24.6,23.0,91.0,1009.93,ลมสงบ,ลมสงบ,10.0,ไม่มีฝน,มีเมฆเป็นส่วนมาก
45,Ranong,ระนอง,74.0,48532.0,ระนอง,2022-09-12 04:00:00,24.8,23.6,93.0,1009.26,ลมสงบ,ลมสงบ,10.0,ไม่มีฝน,มีเมฆเต็มท้องฟ้า
46,Ranong,ระนอง,74.0,48532.0,ระนอง,2022-09-12 01:00:00,25.0,23.7,92.0,1010.98,ลมสงบ,ลมสงบ,10.0,ไม่มีฝน,มีเมฆเต็มท้องฟ้า
47,Ranong,ระนอง,74.0,48532.0,ระนอง,2022-09-11 22:00:00,24.9,23.6,92.0,1011.24,ลมสงบ,ลมสงบ,10.0,20.8,มีเมฆเต็มท้องฟ้า
48,Surat Thani,สุราษฎร์ธานี,72.0,48550.0,เกาะสมุย,2022-09-12 19:00:00,28.3,24.6,80.0,1008.87,ลมสงบ,ลมสงบ,10.0,ไม่มีฝน,มีเมฆเป็นส่วนมาก
49,Surat Thani,สุราษฎร์ธานี,72.0,48550.0,เกาะสมุย,2022-09-12 16:00:00,28.0,24.1,79.0,1007.75,ลมสงบ,ลมสงบ,10.0,1.1,มีเมฆเป็นส่วนมาก
50,Surat Thani,สุราษฎร์ธานี,72.0,48550.0,เกาะสมุย,2022-09-12 13:00:00,31.4,24.6,67.0,1009.21,WSW,5.6,10.0,ไม่มีฝน,มีเมฆเป็นส่วนมาก
51,Surat Thani,สุราษฎร์ธานี,72.0,48550.0,เกาะสมุย,2022-09-12 10:00:00,28.0,26.2,90.0,1010.59,ลมสงบ,ลมสงบ,10.0,0.2,มีเมฆเป็นส่วนมาก
52,Surat Thani,สุราษฎร์ธานี,72.0,48550.0,เกาะสมุย,2022-09-12 07:00:00,25.8,24.6,93.0,1009.58,ลมสงบ,ลมสงบ,7.0,2.8,มีเมฆมาก
53,Surat Thani,สุราษฎร์ธานี,72.0,48550.0,เกาะสมุย,2022-09-12 04:00:00,26.5,25.1,92.0,1008.81,ลมสงบ,ลมสงบ,9.0,ไม่มีฝน,มีเมฆเป็นส่วนมาก
54,Surat Thani,สุราษฎร์ธานี,72.0,48550.0,เกาะสมุย,2022-09-12 01:00:00,26.5,24.3,88.0,1010.36,ลมสงบ,ลมสงบ,9.0,ไม่มีฝน,มีเมฆเป็นส่วนมาก
55,Surat Thani,สุราษฎร์ธานี,72.0,48550.0,เกาะสมุย,2022-09-11 22:00:00,26.5,24.0,86.0,1010.92,ลมสงบ,ลมสงบ,9.0,ไม่มีฝน,มีเมฆเป็นส่วนมาก
56,Krabi,กระบี่,76.0,48566.0,เกาะลันตา,2022-09-12 19:00:00,26.2,23.9,87.0,1009.4,ลมสงบ,ลมสงบ,10.0,ไม่มีฝน,มีเมฆมาก
57,Krabi,กระบี่,76.0,48566.0,เกาะลันตา,2022-09-12 16:00:00,26.5,24.5,89.0,1007.81,SSW,13.0,10.0,0.8,มีเมฆเต็มท้องฟ้า
58,Krabi,กระบี่,76.0,48566.0,เกาะลันตา,2022-09-12 13:00:00,26.3,24.6,90.0,1009.66,S,11.1,8.0,6.4,มีเมฆเต็มท้องฟ้า
59,Krabi,กระบี่,76.0,48566.0,เกาะลันตา,2022-09-12 10:00:00,27.0,24.7,87.0,1010.63,E,13.0,10.0,8.2,มีเมฆเต็มท้องฟ้า
60,Krabi,กระบี่,76.0,48566.0,เกาะลันตา,2022-09-12 07:00:00,26.5,22.8,80.0,1009.27,SSW,14.8,10.0,ไม่มีฝน,มีเมฆเต็มท้องฟ้า
61,Krabi,กระบี่,76.0,48566.0,เกาะลันตา,2022-09-12 04:00:00,28.5,24.0,77.0,1008.54,SSW,9.3,10.0,ไม่มีฝน,มีเมฆเป็นส่วนมาก
62,Krabi,กระบี่,76.0,48566.0,เกาะลันตา,2022-09-12 01:00:00,28.8,24.2,76.0,1010.06,SW,14.8,10.0,0.4,มีเมฆเป็นส่วนมาก
63,Krabi,กระบี่,76.0,48566.0,เกาะลันตา,2022-09-11 22:00:00,29.1,24.2,75.0,1010.72,ลมสงบ,ลมสงบ,10.0,ไม่มีฝน,มีเมฆเป็นส่วนมาก
64,Phatthalung,พัทลุง,73.0,48560.0,พัทลุง สกษ.,2022-09-12 19:00:00,25.4,25.2,99.0,1008.65,ลมสงบ,ลมสงบ,8.0,ไม่มีฝน,มีเมฆเต็มท้องฟ้า
65,Phatthalung,พัทลุง,73.0,48560.0,พัทลุง สกษ.,2022-09-12 16:00:00,25.1,24.9,99.0,1007.66,W,5.6,8.0,40.9,มีเมฆเต็มท้องฟ้า
66,Phatthalung,พัทลุง,73.0,48560.0,พัทลุง สกษ.,2022-09-12 13:00:00,31.6,25.7,71.0,1008.58,NNW,5.6,10.0,ไม่มีฝน,มีเมฆเต็มท้องฟ้า
67,Phatthalung,พัทลุง,73.0,48560.0,พัทลุง สกษ.,2022-09-12 10:00:00,30.6,24.1,69.0,1010.39,NNW,11.1,10.0,ไม่มีฝน,มีเมฆเป็นส่วนมาก
68,Phatthalung,พัทลุง,73.0,48560.0,พัทลุง สกษ.,2022-09-12 07:00:00,24.8,24.5,98.0,1009.1,ลมสงบ,ลมสงบ,8.0,ไม่มีฝน,มีเมฆมาก
69,Phatthalung,พัทลุง,73.0,48560.0,พัทลุง สกษ.,2022-09-12 04:00:00,24.9,24.6,98.0,1008.6,ลมสงบ,ลมสงบ,8.0,ไม่มีฝน,มีเมฆเต็มท้องฟ้า
70,Phatthalung,พัทลุง,73.0,48560.0,พัทลุง สกษ.,2022-09-12 01:00:00,25.2,24.9,98.0,1010.53,ลมสงบ,ลมสงบ,8.0,ไม่มีฝน,มีเมฆเต็มท้องฟ้า
71,Phatthalung,พัทลุง,73.0,48560.0,พัทลุง สกษ.,2022-09-11 22:00:00,25.6,23.5,88.0,1010.43,ลมสงบ,ลมสงบ,8.0,ไม่มีฝน,มีเมฆเต็มท้องฟ้า
72,Satun,สตูล,79.0,48570.0,สตูล,2022-09-12 19:00:00,26.9,25.3,91.0,1009.32,ลมสงบ,ลมสงบ,10.0,0.3,มีเมฆเต็มท้องฟ้า
73,Satun,สตูล,79.0,48570.0,สตูล,2022-09-12 16:00:00,29.1,25.6,81.0,1008.28,W,7.4,10.0,ไม่มีฝน,มีเมฆเต็มท้องฟ้า
74,Satun,สตูล,79.0,48570.0,สตูล,2022-09-12 13:00:00,28.5,25.7,85.0,1010.27,WSW,9.3,10.0,0.4,มีเมฆเต็มท้องฟ้า
75,Satun,สตูล,79.0,48570.0,สตูล,2022-09-12 10:00:00,28.8,26.0,85.0,1011.46,ลมสงบ,ลมสงบ,10.0,ไม่มีฝน,มีเมฆเต็มท้องฟ้า
76,Satun,สตูล,79.0,48570.0,สตูล,2022-09-12 07:00:00,24.6,23.7,95.0,1009.68,ลมสงบ,ลมสงบ,10.0,ไม่มีฝน,มีเมฆมาก
77,Satun,สตูล,79.0,48570.0,สตูล,2022-09-12 04:00:00,25.1,24.2,95.0,1007.36,ลมสงบ,ลมสงบ,10.0,ไม่มีฝน,มีเมฆเป็นส่วนมาก
78,Satun,สตูล,79.0,48570.0,สตูล,2022-09-12 01:00:00,25.2,24.2,94.0,1009.74,ลมสงบ,ลมสงบ,10.0,ไม่มีฝน,มีเมฆเป็นส่วนมาก
79,Satun,สตูล,79.0,48570.0,สตูล,2022-09-11 22:00:00,26.0,24.1,89.0,1010.85,ลมสงบ,ลมสงบ,10.0,ไม่มีฝน,มีเมฆเป็นส่วนมาก
80,Songkhla,สงขลา,80.0,48569.0,หาดใหญ่,2022-09-12 19:00:00,25.4,23.8,91.0,1009.4,ลมสงบ,ลมสงบ,10.0,ฝนเล็กน้อย,มีเมฆมาก
81,Songkhla,สงขลา,80.0,48569.0,หาดใหญ่,2022-09-12 16:00:00,28.3,23.3,75.0,1007.97,SW,5.6,10.0,ฝนเล็กน้อย,มีเมฆเต็มท้องฟ้า
82,Songkhla,สงขลา,80.0,48569.0,หาดใหญ่,2022-09-12 13:00:00,29.0,24.3,76.0,1009.38,WSW,14.8,10.0,1.0,มีเมฆเต็มท้องฟ้า
83,Songkhla,สงขลา,80.0,48569.0,หาดใหญ่,2022-09-12 10:00:00,28.7,24.1,76.0,1011.29,ESE,5.6,10.0,ไม่มีฝน,มีเมฆเต็มท้องฟ้า
84,Songkhla,สงขลา,80.0,48569.0,หาดใหญ่,2022-09-12 07:00:00,24.3,23.4,95.0,1009.7,ลมสงบ,ลมสงบ,10.0,ไม่มีฝน,มีเมฆเต็มท้องฟ้า
85,Songkhla,สงขลา,80.0,48569.0,หาดใหญ่,2022-09-12 04:00:00,24.3,23.9,97.0,1009.01,ลมสงบ,ลมสงบ,10.0,ไม่มีฝน,มีเมฆเต็มท้องฟ้า
86,Songkhla,สงขลา,80.0,48569.0,หาดใหญ่,2022-09-12 01:00:00,24.8,23.2,91.0,1010.77,ลมสงบ,ลมสงบ,10.0,ไม่มีฝน,มีเมฆเต็มท้องฟ้า
87,Songkhla,สงขลา,80.0,48569.0,หาดใหญ่,2022-09-11 22:00:00,25.2,23.1,88.0,1011.05,ลมสงบ,ลมสงบ,10.0,ไม่มีฝน,มีเมฆเต็มท้องฟ้า
88,Trang,ตรัง,77.0,48567.0,ตรัง,2022-09-12 19:00:00,25.5,24.0,92.0,1009.57,ลมสงบ,ลมสงบ,10.0,0.3,มีเมฆมาก
89,Trang,ตรัง,77.0,48567.0,ตรัง,2022-09-12 16:00:00,25.5,23.7,90.0,1008.24,SE,7.4,8.0,1.5,มีเมฆเต็มท้องฟ้า
90,Trang,ตรัง,77.0,48567.0,ตรัง,2022-09-12 13:00:00,27.5,23.6,79.0,1010.02,ESE,5.6,8.0,0.1,มีเมฆเต็มท้องฟ้า
91,Trang,ตรัง,77.0,48567.0,ตรัง,2022-09-12 10:00:00,29.3,24.9,77.0,1010.8,ESE,5.6,10.0,ไม่มีฝน,มีเมฆมาก
92,Trang,ตรัง,77.0,48567.0,ตรัง,2022-09-12 07:00:00,24.5,23.8,96.0,1009.4,ลมสงบ,ลมสงบ,9.0,ไม่มีฝน,มีเมฆมาก
93,Trang,ตรัง,77.0,48567.0,ตรัง,2022-09-12 04:00:00,24.6,23.7,95.0,1008.91,ลมสงบ,ลมสงบ,7.0,ไม่มีฝน,มีเมฆมาก
94,Trang,ตรัง,77.0,48567.0,ตรัง,2022-09-12 01:00:00,24.5,23.6,95.0,1010.36,ลมสงบ,ลมสงบ,8.0,ไม่มีฝน,มีเมฆมาก
95,Trang,ตรัง,77.0,48567.0,ตรัง,2022-09-11 22:00:00,24.5,22.9,91.0,1010.85,ลมสงบ,ลมสงบ,10.0,ไม่มีฝน,มีเมฆมาก
96,Yala,ยะลา,67.0,48581.0,ยะลา สกษ.,2022-09-12 19:00:00,24.5,23.8,96.0,1009.28,ลมสงบ,ลมสงบ,6.0,1.7,มีเมฆเต็มท้องฟ้า
97,Yala,ยะลา,67.0,48581.0,ยะลา สกษ.,2022-09-12 16:00:00,25.0,23.5,92.0,1008.98,WSW,3.7,4.0,11.5,มีเมฆเต็มท้องฟ้า
98,Yala,ยะลา,67.0,48581.0,ยะลา สกษ.,2022-09-12 13:00:00,32.5,23.4,59.0,1009.37,WNW,3.7,10.0,ไม่มีฝน,มีเมฆมาก
99,Yala,ยะลา,67.0,48581.0,ยะลา สกษ.,2022-09-12 10:00:00,28.6,23.7,75.0,1011.49,W,5.6,7.0,ไม่มีฝน,มีเมฆเต็มท้องฟ้า
100,Yala,ยะลา,67.0,48581.0,ยะลา สกษ.,2022-09-12 07:00:00,24.0,23.1,95.0,1010.13,ลมสงบ,ลมสงบ,4.0,ไม่มีฝน,มีเมฆเต็มท้องฟ้า
101,Yala,ยะลา,67.0,48581.0,ยะลา สกษ.,2022-09-12 04:00:00,24.0,22.8,93.0,1009.27,SW,5.6,6.0,ไม่มีฝน,มีเมฆเต็มท้องฟ้า
102,Yala,ยะลา,67.0,48581.0,ยะลา สกษ.,2022-09-12 01:00:00,24.2,22.7,91.0,1010.49,WSW,9.3,7.0,ไม่มีฝน,มีเมฆเต็มท้องฟ้า
103,Yala,ยะลา,67.0,48581.0,ยะลา สกษ.,2022-09-11 22:00:00,24.5,22.6,89.0,1011.01,W,9.3,8.0,ไม่มีฝน,มีเมฆเต็มท้องฟ้า
104,Chiang Rai,เชียงราย,1.0,48303.0,เชียงราย,2022-09-12 19:00:00,25.7,23.2,86.0,1007.72,ลมสงบ,ลมสงบ,12.0,ไม่มีฝน,มีเมฆมาก
105,Chiang Rai,เชียงราย,1.0,48303.0,เชียงราย,2022-09-12 16:00:00,27.3,24.0,82.0,1006.13,ENE,5.6,12.0,ฝนเล็กน้อย,มีเมฆมาก
106,Chiang Rai,เชียงราย,1.0,48303.0,เชียงราย,2022-09-12 13:00:00,25.9,22.6,82.0,1008.6,WSW,3.7,12.0,5.7,มีเมฆเต็มท้องฟ้า
107,Chiang Rai,เชียงราย,1.0,48303.0,เชียงราย,2022-09-12 10:00:00,24.8,23.6,93.0,1010.69,NNE,3.7,10.0,1.4,มีเมฆเต็มท้องฟ้า
108,Chiang Rai,เชียงราย,1.0,48303.0,เชียงราย,2022-09-12 07:00:00,23.5,23.0,97.0,1009.17,ลมสงบ,ลมสงบ,10.0,0.5,มีเมฆเต็มท้องฟ้า
109,Chiang Rai,เชียงราย,1.0,48303.0,เชียงราย,2022-09-12 04:00:00,23.9,23.5,97.0,1008.31,S,7.4,10.0,0.8,มีเมฆเต็มท้องฟ้า
110,Chiang Rai,เชียงราย,1.0,48303.0,เชียงราย,2022-09-12 01:00:00,23.8,23.4,97.0,1009.47,ลมสงบ,ลมสงบ,10.0,ไม่มีฝน,มีเมฆเต็มท้องฟ้า
111,Chiang Rai,เชียงราย,1.0,48303.0,เชียงราย,2022-09-11 22:00:00,23.9,23.3,97.0,1010.14,W,5.6,10.0,1.7,มีเมฆเต็มท้องฟ้า
112,Chiang Mai,เชียงใหม่,2.0,48327.0,เชียงใหม่,2022-09-12 19:00:00,25.1,23.6,92.0,1007.99,ลมสงบ,ลมสงบ,10.0,ไม่มีฝน,มีเมฆเต็มท้องฟ้า
113,Chiang Mai,เชียงใหม่,2.0,48327.0,เชียงใหม่,2022-09-12 16:00:00,25.9,23.6,87.0,1007.08,ลมสงบ,ลมสงบ,10.0,0.6,มีเมฆเต็มท้องฟ้า
114,Chiang Mai,เชียงใหม่,2.0,48327.0,เชียงใหม่,2022-09-12 13:00:00,24.8,23.6,93.0,1010.72,SE,3.7,10.0,2.0,มีเมฆเต็มท้องฟ้า
115,Chiang Mai,เชียงใหม่,2.0,48327.0,เชียงใหม่,2022-09-12 10:00:00,24.0,23.3,96.0,1011.63,ESE,3.7,9.0,2.7,มีเมฆเต็มท้องฟ้า
116,Chiang Mai,เชียงใหม่,2.0,48327.0,เชียงใหม่,2022-09-12 07:00:00,23.6,21.3,87.0,1009.02,E,3.7,8.0,1.3,มีเมฆเต็มท้องฟ้า
117,Chiang Mai,เชียงใหม่,2.0,48327.0,เชียงใหม่,2022-09-12 04:00:00,24.0,23.1,95.0,1008.82,ลมสงบ,ลมสงบ,10.0,3.4,มีเมฆเต็มท้องฟ้า
118,Chiang Mai,เชียงใหม่,2.0,48327.0,เชียงใหม่,2022-09-12 01:00:00,24.2,23.2,94.0,1009.57,ลมสงบ,ลมสงบ,10.0,7.6,มีเมฆเต็มท้องฟ้า
119,Chiang Mai,เชียงใหม่,2.0,48327.0,เชียงใหม่,2022-09-11 22:00:00,24.8,23.5,92.0,1010.15,ลมสงบ,ลมสงบ,10.0,ไม่มีฝน,มีเมฆมาก
120,Lampang,ลำปาง,13.0,48328.0,ลำปาง,2022-09-12 19:00:00,27.8,24.9,84.0,1007.12,ลมสงบ,ลมสงบ,10.0,ไม่มีฝน,มีเมฆเต็มท้องฟ้า
121,Lampang,ลำปาง,13.0,48328.0,ลำปาง,2022-09-12 16:00:00,30.5,22.8,63.0,1006.7,ลมสงบ,ลมสงบ,10.0,ไม่มีฝน,มีเมฆเต็มท้องฟ้า
122,Lampang,ลำปาง,13.0,48328.0,ลำปาง,2022-09-12 13:00:00,29.7,23.6,70.0,1009.06,ลมสงบ,ลมสงบ,10.0,ไม่มีฝน,มีเมฆเต็มท้องฟ้า
123,Lampang,ลำปาง,13.0,48328.0,ลำปาง,2022-09-12 10:00:00,26.7,23.9,85.0,1011.01,ลมสงบ,ลมสงบ,10.0,ไม่มีฝน,มีเมฆเต็มท้องฟ้า
124,Lampang,ลำปาง,13.0,48328.0,ลำปาง,2022-09-12 07:00:00,23.3,23.0,98.0,1009.69,ลมสงบ,ลมสงบ,8.0,3.0,มีเมฆเต็มท้องฟ้า
125,Lampang,ลำปาง,13.0,48328.0,ลำปาง,2022-09-12 04:00:00,23.2,22.9,98.0,1009.16,ลมสงบ,ลมสงบ,2.0,49.7,
126,Lampang,ลำปาง,13.0,48328.0,ลำปาง,2022-09-12 01:00:00,24.5,24.2,98.0,1009.85,ลมสงบ,ลมสงบ,3.0,0.5,มีเมฆเต็มท้องฟ้า
127,Lampang,ลำปาง,13.0,48328.0,ลำปาง,2022-09-11 22:00:00,24.7,24.0,96.0,1010.76,ลมสงบ,ลมสงบ,10.0,ไม่มีฝน,มีเมฆเต็มท้องฟ้า
128,Lamphun,ลำพูน,12.0,48329.0,ลำพูน,2022-09-12 19:00:00,26.1,24.5,91.0,1007.33,ลมสงบ,ลมสงบ,10.0,ไม่มีฝน,มีเมฆเต็มท้องฟ้า
129,Lamphun,ลำพูน,12.0,48329.0,ลำพูน,2022-09-12 16:00:00,25.6,23.2,87.0,1007.25,ENE,7.4,10.0,0.2,มีเมฆเต็มท้องฟ้า
130,Lamphun,ลำพูน,12.0,48329.0,ลำพูน,2022-09-12 13:00:00,25.0,23.4,91.0,1010.08,WSW,3.7,8.0,1.3,มีเมฆเต็มท้องฟ้า
131,Lamphun,ลำพูน,12.0,48329.0,ลำพูน,2022-09-12 10:00:00,23.9,22.6,92.0,1011.03,SE,18.5,8.0,5.7,มีเมฆเต็มท้องฟ้า
132,Lamphun,ลำพูน,12.0,48329.0,ลำพูน,2022-09-12 07:00:00,23.0,22.8,99.0,1009.35,E,5.6,7.0,15.1,มีเมฆเต็มท้องฟ้า
133,Lamphun,ลำพูน,12.0,48329.0,ลำพูน,2022-09-12 04:00:00,23.6,23.3,98.0,1008.95,E,9.3,7.0,6.4,มีเมฆเต็มท้องฟ้า
134,Lamphun,ลำพูน,12.0,48329.0,ลำพูน,2022-09-12 01:00:00,23.8,23.5,98.0,1009.84,S,5.6,7.0,36.8,มีเมฆเต็มท้องฟ้า
135,Lamphun,ลำพูน,12.0,48329.0,ลำพูน,2022-09-11 22:00:00,25.0,24.3,96.0,1010.38,ลมสงบ,ลมสงบ,8.0,ไม่มีฝน,มีเมฆเต็มท้องฟ้า
136,Nan,น่าน,5.0,48331.0,น่าน,2022-09-12 19:00:00,24.4,23.4,94.0,1008.57,NNW,3.7,10.0,7.5,มีเมฆเต็มท้องฟ้า
137,Nan,น่าน,5.0,48331.0,น่าน,2022-09-12 16:00:00,26.6,25.0,91.0,1007.16,ลมสงบ,ลมสงบ,10.0,2.4,มีเมฆเต็มท้องฟ้า
138,Nan,น่าน,5.0,48331.0,น่าน,2022-09-12 13:00:00,32.0,24.1,63.0,1007.39,ลมสงบ,ลมสงบ,10.0,ไม่มีฝน,มีเมฆเป็นส่วนมาก
139,Nan,น่าน,5.0,48331.0,น่าน,2022-09-12 10:00:00,28.5,24.5,79.0,1010.36,ลมสงบ,ลมสงบ,10.0,1.5,มีเมฆเป็นส่วนมาก
140,Nan,น่าน,5.0,48331.0,น่าน,2022-09-12 07:00:00,24.4,23.8,97.0,1009.26,ลมสงบ,ลมสงบ,10.0,1.8,มีเมฆเต็มท้องฟ้า
141,Nan,น่าน,5.0,48331.0,น่าน,2022-09-12 04:00:00,24.2,23.6,97.0,1008.56,ลมสงบ,ลมสงบ,10.0,ไม่มีฝน,มีเมฆเต็มท้องฟ้า
142,Nan,น่าน,5.0,48331.0,น่าน,2022-09-12 01:00:00,24.5,23.8,96.0,1009.82,ลมสงบ,ลมสงบ,10.0,ไม่มีฝน,มีเมฆเต็มท้องฟ้า
143,Nan,น่าน,5.0,48331.0,น่าน,2022-09-11 22:00:00,24.8,24.1,96.0,1010.61,ลมสงบ,ลมสงบ,10.0,ไม่มีฝน,มีเมฆเต็มท้องฟ้า
144,Phayao,พะเยา,11.0,48310.0,พะเยา,2022-09-12 19:00:00,25.7,23.3,87.0,1008.51,SSE,9.3,10.0,0.8,มีเมฆเต็มท้องฟ้า
145,Phayao,พะเยา,11.0,48310.0,พะเยา,2022-09-12 16:00:00,26.0,24.6,92.0,1006.52,ESE,3.7,12.0,8.2,มีเมฆเต็มท้องฟ้า
146,Phayao,พะเยา,11.0,48310.0,พะเยา,2022-09-12 13:00:00,30.0,22.7,65.0,1008.46,WSW,5.6,12.0,ไม่มีฝน,มีเมฆเต็มท้องฟ้า
147,Phayao,พะเยา,11.0,48310.0,พะเยา,2022-09-12 10:00:00,27.1,24.1,84.0,1010.77,SSE,5.6,10.0,ไม่มีฝน,มีเมฆเต็มท้องฟ้า
148,Phayao,พะเยา,11.0,48310.0,พะเยา,2022-09-12 07:00:00,24.1,23.2,95.0,1008.9,ลมสงบ,ลมสงบ,10.0,ไม่มีฝน,มีเมฆเต็มท้องฟ้า
149,Phayao,พะเยา,11.0,48310.0,พะเยา,2022-09-12 04:00:00,24.2,23.2,94.0,1008.74,ESE,3.7,,ไม่มีฝน,มีเมฆเต็มท้องฟ้า
150,Phayao,พะเยา,11.0,48310.0,พะเยา,2022-09-12 01:00:00,24.4,23.5,95.0,1009.41,ลมสงบ,ลมสงบ,10.0,ไม่มีฝน,มีเมฆเต็มท้องฟ้า
151,Phayao,พะเยา,11.0,48310.0,พะเยา,2022-09-11 22:00:00,24.7,23.8,95.0,1011.41,ลมสงบ,ลมสงบ,10.0,0.5,มีเมฆเต็มท้องฟ้า
152,Phrae,แพร่,14.0,48330.0,แพร่,2022-09-12 19:00:00,25.5,24.8,96.0,1007.53,ลมสงบ,ลมสงบ,6.0,1.0,มีเมฆเต็มท้องฟ้า
153,Phrae,แพร่,14.0,48330.0,แพร่,2022-09-12 16:00:00,26.0,24.6,92.0,1006.73,ลมสงบ,ลมสงบ,8.0,4.4,มีเมฆเต็มท้องฟ้า
154,Phrae,แพร่,14.0,48330.0,แพร่,2022-09-12 13:00:00,31.2,24.0,66.0,1007.58,ลมสงบ,ลมสงบ,12.0,ไม่มีฝน,มีเมฆเป็นส่วนมาก
155,Phrae,แพร่,14.0,48330.0,แพร่,2022-09-12 10:00:00,28.0,24.4,81.0,1010.23,W,5.6,12.0,ไม่มีฝน,มีเมฆเต็มท้องฟ้า
156,Phrae,แพร่,14.0,48330.0,แพร่,2022-09-12 07:00:00,25.0,23.5,92.0,1008.84,ลมสงบ,ลมสงบ,10.0,ไม่มีฝน,มีเมฆเต็มท้องฟ้า
157,Phrae,แพร่,14.0,48330.0,แพร่,2022-09-12 04:00:00,24.8,23.6,93.0,1008.28,ลมสงบ,ลมสงบ,10.0,ไม่มีฝน,มีเมฆเป็นส่วนมาก
158,Phrae,แพร่,14.0,48330.0,แพร่,2022-09-12 01:00:00,25.0,24.3,96.0,1007.02,ลมสงบ,ลมสงบ,10.0,ไม่มีฝน,มีเมฆเต็มท้องฟ้า
159,Phrae,แพร่,14.0,48330.0,แพร่,2022-09-11 22:00:00,25.5,24.3,93.0,1010.1,ลมสงบ,ลมสงบ,12.0,ไม่มีฝน,มีเมฆเต็มท้องฟ้า
160,Phitsanulok,พิษณุโลก,7.0,48378.0,พิษณุโลก,2022-09-12 19:00:00,27.0,25.6,92.0,1007.2,ลมสงบ,ลมสงบ,10.0,3.8,มีเมฆเต็มท้องฟ้า
161,Phitsanulok,พิษณุโลก,7.0,48378.0,พิษณุโลก,2022-09-12 16:00:00,31.0,24.4,68.0,1006.12,NNE,7.4,10.0,ไม่มีฝน,มีเมฆเต็มท้องฟ้า
162,Phitsanulok,พิษณุโลก,7.0,48378.0,พิษณุโลก,2022-09-12 13:00:00,31.0,23.6,65.0,1008.43,W,5.6,10.0,ไม่มีฝน,มีเมฆเป็นส่วนมาก
163,Phitsanulok,พิษณุโลก,7.0,48378.0,พิษณุโลก,2022-09-12 10:00:00,29.0,25.1,80.0,1010.14,SSW,3.7,10.0,ไม่มีฝน,มีเมฆเป็นส่วนมาก
164,Phitsanulok,พิษณุโลก,7.0,48378.0,พิษณุโลก,2022-09-12 07:00:00,26.0,25.4,97.0,1008.76,ลมสงบ,ลมสงบ,10.0,ไม่มีฝน,มีเมฆเป็นส่วนมาก
165,Phitsanulok,พิษณุโลก,7.0,48378.0,พิษณุโลก,2022-09-12 04:00:00,25.7,25.3,97.0,1007.84,ลมสงบ,ลมสงบ,10.0,ไม่มีฝน,มีเมฆเป็นส่วนมาก
166,Phitsanulok,พิษณุโลก,7.0,48378.0,พิษณุโลก,2022-09-12 01:00:00,26.3,25.9,98.0,1009.65,N,3.7,10.0,ไม่มีฝน,มีเมฆเป็นส่วนมาก
167,Phitsanulok,พิษณุโลก,7.0,48378.0,พิษณุโลก,2022-09-11 22:00:00,26.4,25.8,97.0,1009.92,ลมสงบ,ลมสงบ,10.0,ไม่มีฝน,มีเมฆเป็นส่วนมาก
168,Sukhothai,สุโขทัย,10.0,48372.0,สุโขทัย,2022-09-12 19:00:00,27.1,25.5,91.0,1006.69,NE,5.6,10.0,ไม่มีฝน,มีเมฆเต็มท้องฟ้า
169,Sukhothai,สุโขทัย,10.0,48372.0,สุโขทัย,2022-09-12 16:00:00,28.0,25.7,88.0,1006.53,ลมสงบ,ลมสงบ,10.0,9.6,มีเมฆเต็มท้องฟ้า
170,Sukhothai,สุโขทัย,10.0,48372.0,สุโขทัย,2022-09-12 13:00:00,31.5,26.0,73.0,1008.66,W,3.7,10.0,ไม่มีฝน,มีเมฆเต็มท้องฟ้า
171,Sukhothai,สุโขทัย,10.0,48372.0,สุโขทัย,2022-09-12 10:00:00,29.4,26.0,82.0,1009.98,ESE,5.6,10.0,ไม่มีฝน,มีเมฆเต็มท้องฟ้า
172,Sukhothai,สุโขทัย,10.0,48372.0,สุโขทัย,2022-09-12 07:00:00,26.0,25.4,97.0,1008.41,ลมสงบ,ลมสงบ,10.0,ไม่มีฝน,มีเมฆเต็มท้องฟ้า
173,Sukhothai,สุโขทัย,10.0,48372.0,สุโขทัย,2022-09-12 04:00:00,26.2,25.9,98.0,1007.96,ลมสงบ,ลมสงบ,10.0,ไม่มีฝน,มีเมฆเต็มท้องฟ้า
174,Sukhothai,สุโขทัย,10.0,48372.0,สุโขทัย,2022-09-12 01:00:00,26.6,25.9,96.0,1009.08,ลมสงบ,ลมสงบ,10.0,ไม่มีฝน,มีเมฆเต็มท้องฟ้า
175,Sukhothai,สุโขทัย,10.0,48372.0,สุโขทัย,2022-09-11 22:00:00,27.0,25.7,93.0,1009.82,ลมสงบ,ลมสงบ,10.0,ไม่มีฝน,มีเมฆเต็มท้องฟ้า
176,Uttaradit,อุตรดิตถ์,6.0,48351.0,อุตรดิตถ์,2022-09-12 19:00:00,25.6,24.0,91.0,1007.09,ลมสงบ,ลมสงบ,6.0,ฝนเล็กน้อย,มีเมฆเต็มท้องฟ้า
177,Uttaradit,อุตรดิตถ์,6.0,48351.0,อุตรดิตถ์,2022-09-12 16:00:00,26.0,24.6,92.0,1007.18,ลมสงบ,ลมสงบ,5.0,0.4,มีเมฆเต็มท้องฟ้า
178,Uttaradit,อุตรดิตถ์,6.0,48351.0,อุตรดิตถ์,2022-09-12 13:00:00,27.5,23.9,81.0,1008.48,ลมสงบ,ลมสงบ,6.0,4.4,มีเมฆเต็มท้องฟ้า
179,Uttaradit,อุตรดิตถ์,6.0,48351.0,อุตรดิตถ์,2022-09-12 10:00:00,29.0,24.7,78.0,1009.85,ลมสงบ,ลมสงบ,9.0,ไม่มีฝน,มีเมฆมาก
180,Uttaradit,อุตรดิตถ์,6.0,48351.0,อุตรดิตถ์,2022-09-12 07:00:00,25.0,24.3,96.0,1008.48,ลมสงบ,ลมสงบ,7.0,ไม่มีฝน,มีเมฆมาก
181,Uttaradit,อุตรดิตถ์,6.0,48351.0,อุตรดิตถ์,2022-09-12 04:00:00,25.2,24.3,95.0,1008.07,ลมสงบ,ลมสงบ,6.0,ไม่มีฝน,มีเมฆเต็มท้องฟ้า
182,Uttaradit,อุตรดิตถ์,6.0,48351.0,อุตรดิตถ์,2022-09-12 01:00:00,25.8,24.8,94.0,1009.4,ลมสงบ,ลมสงบ,6.0,ไม่มีฝน,มีเมฆเต็มท้องฟ้า
183,Uttaradit,อุตรดิตถ์,6.0,48351.0,อุตรดิตถ์,2022-09-11 22:00:00,26.4,25.1,93.0,1010.55,ลมสงบ,ลมสงบ,6.0,ไม่มีฝน,มีเมฆเต็มท้องฟ้า
184,Kanchanaburi,กาญจนบุรี,35.0,48450.0,กาญจนบุรี,2022-09-12 19:00:00,31.0,24.7,69.0,1006.81,SW,3.7,12.0,ไม่มีฝน,มีเมฆเป็นส่วนมาก
185,Kanchanaburi,กาญจนบุรี,35.0,48450.0,กาญจนบุรี,2022-09-12 16:00:00,32.4,23.8,61.0,1005.65,NNW,3.7,12.0,ไม่มีฝน,มีเมฆบางส่วน
186,Kanchanaburi,กาญจนบุรี,35.0,48450.0,กาญจนบุรี,2022-09-12 13:00:00,32.0,23.3,60.0,1008.45,N,5.6,12.0,ไม่มีฝน,มีเมฆเป็นส่วนมาก
187,Kanchanaburi,กาญจนบุรี,35.0,48450.0,กาญจนบุรี,2022-09-12 10:00:00,29.8,22.8,66.0,1010.29,W,7.4,12.0,ไม่มีฝน,มีเมฆเป็นส่วนมาก
188,Kanchanaburi,กาญจนบุรี,35.0,48450.0,กาญจนบุรี,2022-09-12 07:00:00,26.0,23.8,88.0,1008.74,W,5.6,12.0,ไม่มีฝน,มีเมฆเป็นส่วนมาก
189,Kanchanaburi,กาญจนบุรี,35.0,48450.0,กาญจนบุรี,2022-09-12 04:00:00,26.2,23.3,84.0,1008.03,ลมสงบ,ลมสงบ,10.0,ไม่มีฝน,มีเมฆบางส่วน
190,Kanchanaburi,กาญจนบุรี,35.0,48450.0,กาญจนบุรี,2022-09-12 01:00:00,27.0,23.3,80.0,1009.45,ลมสงบ,ลมสงบ,10.0,ไม่มีฝน,มีเมฆบางส่วน
191,Kanchanaburi,กาญจนบุรี,35.0,48450.0,กาญจนบุรี,2022-09-11 22:00:00,28.5,23.4,74.0,1009.92,ลมสงบ,ลมสงบ,10.0,ไม่มีฝน,มีเมฆบางส่วน
192,Kamphaeng Phet,กำแพงเพชร,8.0,48380.0,กำแพงเพชร,2022-09-12 19:00:00,27.8,24.3,82.0,1007.4,ลมสงบ,ลมสงบ,10.0,ไม่มีฝน,มีเมฆเต็มท้องฟ้า
193,Kamphaeng Phet,กำแพงเพชร,8.0,48380.0,กำแพงเพชร,2022-09-12 16:00:00,32.1,24.2,63.0,1005.47,W,1.9,10.0,ไม่มีฝน,มีเมฆเต็มท้องฟ้า
194,Kamphaeng Phet,กำแพงเพชร,8.0,48380.0,กำแพงเพชร,2022-09-12 13:00:00,31.1,23.6,64.0,1008.24,SSW,3.7,10.0,ไม่มีฝน,มีเมฆเต็มท้องฟ้า
195,Kamphaeng Phet,กำแพงเพชร,8.0,48380.0,กำแพงเพชร,2022-09-12 10:00:00,30.1,25.0,74.0,1010.24,ลมสงบ,ลมสงบ,10.0,ไม่มีฝน,มีเมฆเป็นส่วนมาก
196,Kamphaeng Phet,กำแพงเพชร,8.0,48380.0,กำแพงเพชร,2022-09-12 07:00:00,25.0,24.6,97.0,1008.87,ลมสงบ,ลมสงบ,10.0,ไม่มีฝน,มีเมฆเต็มท้องฟ้า
197,Kamphaeng Phet,กำแพงเพชร,8.0,48380.0,กำแพงเพชร,2022-09-12 04:00:00,24.5,23.5,94.0,1008.2,ลมสงบ,ลมสงบ,10.0,ไม่มีฝน,มีเมฆเต็มท้องฟ้า
198,Kamphaeng Phet,กำแพงเพชร,8.0,48380.0,กำแพงเพชร,2022-09-12 01:00:00,24.8,23.6,93.0,1009.42,ลมสงบ,ลมสงบ,10.0,ไม่มีฝน,มีเมฆเป็นส่วนมาก
199,Kamphaeng Phet,กำแพงเพชร,8.0,48380.0,กำแพงเพชร,2022-09-11 22:00:00,26.7,25.7,94.0,1009.94,ลมสงบ,ลมสงบ,10.0,ไม่มีฝน,มีเมฆเต็มท้องฟ้า
200,Phichit,พิจิตร,9.0,48386.0,พิจิตร สกษ.,2022-09-12 19:00:00,27.5,25.4,88.0,1005.72,SW,3.7,6.0,ไม่มีฝน,มีเมฆเต็มท้องฟ้า
201,Phichit,พิจิตร,9.0,48386.0,พิจิตร สกษ.,2022-09-12 16:00:00,28.0,25.1,85.0,1004.65,ESE,7.4,6.0,ไม่มีฝน,มีเมฆเต็มท้องฟ้า
202,Phichit,พิจิตร,9.0,48386.0,พิจิตร สกษ.,2022-09-12 13:00:00,31.8,24.2,64.0,1006.91,SE,3.7,6.0,ไม่มีฝน,มีเมฆเต็มท้องฟ้า
203,Phichit,พิจิตร,9.0,48386.0,พิจิตร สกษ.,2022-09-12 10:00:00,28.4,26.0,87.0,1008.62,ลมสงบ,ลมสงบ,6.0,ไม่มีฝน,มีเมฆเต็มท้องฟ้า
204,Phichit,พิจิตร,9.0,48386.0,พิจิตร สกษ.,2022-09-12 07:00:00,26.6,26.3,98.0,1006.96,ลมสงบ,ลมสงบ,5.0,ไม่มีฝน,มีเมฆเต็มท้องฟ้า
205,Phichit,พิจิตร,9.0,48386.0,พิจิตร สกษ.,2022-09-12 04:00:00,26.6,25.9,96.0,1006.32,ลมสงบ,ลมสงบ,5.0,ไม่มีฝน,มีเมฆเต็มท้องฟ้า
206,Phichit,พิจิตร,9.0,48386.0,พิจิตร สกษ.,2022-09-12 01:00:00,26.7,25.7,94.0,1007.68,WNW,5.6,6.0,ไม่มีฝน,มีเมฆเต็มท้องฟ้า
207,Phichit,พิจิตร,9.0,48386.0,พิจิตร สกษ.,2022-09-11 22:00:00,27.3,25.4,90.0,1008.02,NW,3.7,7.0,ไม่มีฝน,มีเมฆเต็มท้องฟ้า
208,Phetchabun,เพชรบูรณ์,15.0,48379.0,เพชรบูรณ์,2022-09-12 19:00:00,26.1,24.7,92.0,1006.4,ลมสงบ,ลมสงบ,10.0,0.1,มีเมฆเป็นส่วนมาก
209,Phetchabun,เพชรบูรณ์,15.0,48379.0,เพชรบูรณ์,2022-09-12 16:00:00,26.5,24.3,88.0,1005.96,ลมสงบ,ลมสงบ,9.0,0.3,มีเมฆเต็มท้องฟ้า
210,Phetchabun,เพชรบูรณ์,15.0,48379.0,เพชรบูรณ์,2022-09-12 13:00:00,27.4,24.7,85.0,1007.8,S,5.6,12.0,2.2,มีเมฆเต็มท้องฟ้า
211,Phetchabun,เพชรบูรณ์,15.0,48379.0,เพชรบูรณ์,2022-09-12 10:00:00,29.0,25.8,83.0,1008.92,ลมสงบ,ลมสงบ,12.0,ไม่มีฝน,มีเมฆเป็นส่วนมาก
212,Phetchabun,เพชรบูรณ์,15.0,48379.0,เพชรบูรณ์,2022-09-12 07:00:00,25.0,24.7,98.0,1007.5,ลมสงบ,ลมสงบ,10.0,18.8,มีเมฆมาก
213,Phetchabun,เพชรบูรณ์,15.0,48379.0,เพชรบูรณ์,2022-09-12 04:00:00,25.7,25.1,97.0,1006.94,ลมสงบ,ลมสงบ,7.0,5.4,มีเมฆเต็มท้องฟ้า
214,Phetchabun,เพชรบูรณ์,15.0,48379.0,เพชรบูรณ์,2022-09-12 01:00:00,26.3,25.4,95.0,1008.12,ลมสงบ,ลมสงบ,10.0,ไม่มีฝน,มีเมฆเต็มท้องฟ้า
215,Phetchabun,เพชรบูรณ์,15.0,48379.0,เพชรบูรณ์,2022-09-11 22:00:00,27.1,25.8,93.0,1008.34,ลมสงบ,ลมสงบ,10.0,ไม่มีฝน,มีเมฆเป็นส่วนมาก
216,Suphan Buri,สุพรรณบุรี,38.0,48425.0,สุพรรณบุรี,2022-09-12 19:00:00,30.9,25.5,73.0,1006.99,ลมสงบ,ลมสงบ,10.0,ไม่มีฝน,มีเมฆเต็มท้องฟ้า
217,Suphan Buri,สุพรรณบุรี,38.0,48425.0,สุพรรณบุรี,2022-09-12 16:00:00,31.9,23.2,60.0,1005.88,ลมสงบ,ลมสงบ,12.0,ไม่มีฝน,มีเมฆเป็นส่วนมาก
218,Suphan Buri,สุพรรณบุรี,38.0,48425.0,สุพรรณบุรี,2022-09-12 13:00:00,30.4,24.9,72.0,1008.83,NW,7.4,10.0,ไม่มีฝน,มีเมฆเต็มท้องฟ้า
219,Suphan Buri,สุพรรณบุรี,38.0,48425.0,สุพรรณบุรี,2022-09-12 10:00:00,28.6,25.6,84.0,1010.52,ลมสงบ,ลมสงบ,10.0,ไม่มีฝน,มีเมฆมาก
220,Suphan Buri,สุพรรณบุรี,38.0,48425.0,สุพรรณบุรี,2022-09-12 07:00:00,27.0,25.4,91.0,1008.89,ลมสงบ,ลมสงบ,10.0,ไม่มีฝน,มีเมฆเป็นส่วนมาก
221,Suphan Buri,สุพรรณบุรี,38.0,48425.0,สุพรรณบุรี,2022-09-12 04:00:00,27.2,25.5,90.0,1008.13,ลมสงบ,ลมสงบ,10.0,ไม่มีฝน,มีเมฆบางส่วน
222,Suphan Buri,สุพรรณบุรี,38.0,48425.0,สุพรรณบุรี,2022-09-12 01:00:00,27.9,25.5,87.0,1009.32,ลมสงบ,ลมสงบ,10.0,ไม่มีฝน,มีเมฆเป็นส่วนมาก
223,Suphan Buri,สุพรรณบุรี,38.0,48425.0,สุพรรณบุรี,2022-09-11 22:00:00,28.5,24.9,81.0,1010.11,ลมสงบ,ลมสงบ,10.0,ไม่มีฝน,มีเมฆเป็นส่วนมาก
224,Tak,ตาก,4.0,48376.0,ตาก,2022-09-12 19:00:00,26.9,24.3,86.0,1007.62,ลมสงบ,ลมสงบ,8.0,0.1,มีเมฆมาก
225,Tak,ตาก,4.0,48376.0,ตาก,2022-09-12 16:00:00,28.6,24.9,80.0,1006.72,ลมสงบ,ลมสงบ,7.0,ฝนเล็กน้อย,มีเมฆเต็มท้องฟ้า
226,Tak,ตาก,4.0,48376.0,ตาก,2022-09-12 13:00:00,31.4,23.6,63.0,1008.7,ลมสงบ,ลมสงบ,9.0,ไม่มีฝน,มีเมฆมาก
227,Tak,ตาก,4.0,48376.0,ตาก,2022-09-12 10:00:00,30.0,23.5,68.0,1010.49,WNW,5.6,9.0,ไม่มีฝน,มีเมฆมาก
228,Tak,ตาก,4.0,48376.0,ตาก,2022-09-12 07:00:00,25.1,23.8,92.0,1009.32,ลมสงบ,ลมสงบ,8.0,ไม่มีฝน,มีเมฆเต็มท้องฟ้า
229,Tak,ตาก,4.0,48376.0,ตาก,2022-09-12 04:00:00,25.1,23.0,88.0,1008.53,ลมสงบ,ลมสงบ,8.0,ไม่มีฝน,มีเมฆมาก
230,Tak,ตาก,4.0,48376.0,ตาก,2022-09-12 01:00:00,25.2,23.0,88.0,1009.93,ลมสงบ,ลมสงบ,8.0,ไม่มีฝน,มีเมฆเป็นส่วนมาก
231,Tak,ตาก,4.0,48376.0,ตาก,2022-09-11 22:00:00,26.0,23.5,86.0,1010.51,ลมสงบ,ลมสงบ,8.0,ไม่มีฝน,มีเมฆเป็นส่วนมาก
232,Uthai Thani,อุทัยธานี,48.0,48410.0,อุทัยธานี,2022-09-12 19:00:00,29.3,26.8,86.0,1006.4,ลมสงบ,ลมสงบ,10.0,ไม่มีฝน,มีเมฆเป็นส่วนมาก
233,Uthai Thani,อุทัยธานี,48.0,48410.0,อุทัยธานี,2022-09-12 16:00:00,31.2,25.3,71.0,1003.22,ลมสงบ,ลมสงบ,10.0,ไม่มีฝน,มีเมฆเป็นส่วนมาก
234,Uthai Thani,อุทัยธานี,48.0,48410.0,อุทัยธานี,2022-09-12 13:00:00,32.0,24.1,63.0,1007.17,E,7.4,10.0,ไม่มีฝน,มีเมฆเป็นส่วนมาก
235,Uthai Thani,อุทัยธานี,48.0,48410.0,อุทัยธานี,2022-09-12 10:00:00,29.5,24.6,75.0,1010.35,ลมสงบ,ลมสงบ,10.0,ไม่มีฝน,มีเมฆเป็นส่วนมาก
236,Uthai Thani,อุทัยธานี,48.0,48410.0,อุทัยธานี,2022-09-12 07:00:00,26.2,26.0,99.0,1008.48,W,3.7,10.0,ไม่มีฝน,มีเมฆมาก
237,Uthai Thani,อุทัยธานี,48.0,48410.0,อุทัยธานี,2022-09-12 04:00:00,26.4,25.8,97.0,1007.77,ลมสงบ,ลมสงบ,10.0,ไม่มีฝน,มีเมฆเป็นส่วนมาก
238,Uthai Thani,อุทัยธานี,48.0,48410.0,อุทัยธานี,2022-09-12 01:00:00,26.9,26.3,97.0,1009.67,ลมสงบ,ลมสงบ,10.0,ไม่มีฝน,มีเมฆเป็นส่วนมาก
239,Uthai Thani,อุทัยธานี,48.0,48410.0,อุทัยธานี,2022-09-11 22:00:00,27.1,26.2,95.0,1010.0,ลมสงบ,ลมสงบ,10.0,ไม่มีฝน,มีเมฆเป็นส่วนมาก
240,Ang Thong,อ่างทอง,,,,,,,,,,,,,
241,Chai Nat,ชัยนาท,39.0,48402.0,ชัยนาท สกษ.,2022-09-12 19:00:00,28.6,25.8,85.0,1007.21,ลมสงบ,ลมสงบ,10.0,ไม่มีฝน,มีเมฆเป็นส่วนมาก
242,Chai Nat,ชัยนาท,39.0,48402.0,ชัยนาท สกษ.,2022-09-12 16:00:00,31.5,24.4,66.0,1006.39,ลมสงบ,ลมสงบ,10.0,ไม่มีฝน,มีเมฆมาก
243,Chai Nat,ชัยนาท,39.0,48402.0,ชัยนาท สกษ.,2022-09-12 13:00:00,29.5,25.2,78.0,1008.8,ลมสงบ,ลมสงบ,10.0,2.5,มีเมฆมาก
244,Chai Nat,ชัยนาท,39.0,48402.0,ชัยนาท สกษ.,2022-09-12 10:00:00,29.0,24.7,78.0,1011.67,ลมสงบ,ลมสงบ,10.0,ไม่มีฝน,มีเมฆมาก
245,Chai Nat,ชัยนาท,39.0,48402.0,ชัยนาท สกษ.,2022-09-12 07:00:00,26.0,24.8,93.0,1008.8,ลมสงบ,ลมสงบ,10.0,ไม่มีฝน,มีเมฆเป็นส่วนมาก
246,Chai Nat,ชัยนาท,39.0,48402.0,ชัยนาท สกษ.,2022-09-12 04:00:00,25.9,24.6,93.0,1007.86,ลมสงบ,ลมสงบ,8.0,ไม่มีฝน,ท้องฟ้าโปร่ง
247,Chai Nat,ชัยนาท,39.0,48402.0,ชัยนาท สกษ.,2022-09-12 01:00:00,26.1,25.1,94.0,1009.31,ลมสงบ,ลมสงบ,8.0,ไม่มีฝน,มีเมฆมาก
248,Chai Nat,ชัยนาท,39.0,48402.0,ชัยนาท สกษ.,2022-09-11 22:00:00,26.7,25.3,92.0,1010.36,ลมสงบ,ลมสงบ,9.0,ไม่มีฝน,มีเมฆเป็นส่วนมาก
249,Lop Buri,ลพบุรี,40.0,48426.0,ลพบุรี,2022-09-12 19:00:00,29.6,26.4,83.0,1006.9,ลมสงบ,ลมสงบ,8.0,ไม่มีฝน,มีเมฆเป็นส่วนมาก
250,Lop Buri,ลพบุรี,40.0,48426.0,ลพบุรี,2022-09-12 16:00:00,31.0,25.4,72.0,1005.82,ลมสงบ,ลมสงบ,10.0,ไม่มีฝน,มีเมฆเป็นส่วนมาก
251,Lop Buri,ลพบุรี,40.0,48426.0,ลพบุรี,2022-09-12 13:00:00,29.7,25.8,79.0,1008.74,ลมสงบ,ลมสงบ,9.0,ไม่มีฝน,มีเมฆมาก
252,Lop Buri,ลพบุรี,40.0,48426.0,ลพบุรี,2022-09-12 10:00:00,27.5,25.7,90.0,1010.55,ลมสงบ,ลมสงบ,9.0,0.4,มีเมฆมาก
253,Lop Buri,ลพบุรี,40.0,48426.0,ลพบุรี,2022-09-12 07:00:00,26.4,25.5,95.0,1008.76,ลมสงบ,ลมสงบ,7.0,ไม่มีฝน,มีเมฆเต็มท้องฟ้า
254,Lop Buri,ลพบุรี,40.0,48426.0,ลพบุรี,2022-09-12 04:00:00,26.5,25.6,95.0,1007.99,ลมสงบ,ลมสงบ,7.0,ไม่มีฝน,มีเมฆเป็นส่วนมาก
255,Lop Buri,ลพบุรี,40.0,48426.0,ลพบุรี,2022-09-12 01:00:00,26.6,25.3,93.0,1009.21,ลมสงบ,ลมสงบ,7.0,ไม่มีฝน,มีเมฆเต็มท้องฟ้า
256,Lop Buri,ลพบุรี,40.0,48426.0,ลพบุรี,2022-09-11 22:00:00,27.5,25.5,89.0,1009.76,ลมสงบ,ลมสงบ,8.0,ไม่มีฝน,มีเมฆเป็นส่วนมาก
257,Nakhon Nayok,นครนายก,60.0,48417.0,นครนายก,2022-09-12 19:00:00,19.7,19.5,99.0,1007.77,ลมสงบ,ลมสงบ,8.0,ไม่มีฝน,มีเมฆเป็นส่วนมาก
258,Nakhon Nayok,นครนายก,60.0,48417.0,นครนายก,2022-09-12 16:00:00,22.6,20.6,88.0,1004.28,ลมสงบ,ลมสงบ,8.0,9.6,มีเมฆมาก
259,Nakhon Nayok,นครนายก,60.0,48417.0,นครนายก,2022-09-12 13:00:00,21.4,20.6,95.0,1007.23,ลมสงบ,ลมสงบ,8.0,ไม่มีฝน,มีเมฆเป็นส่วนมาก
260,Nakhon Nayok,นครนายก,60.0,48417.0,นครนายก,2022-09-12 10:00:00,24.0,21.7,87.0,1007.39,ลมสงบ,ลมสงบ,8.0,ไม่มีฝน,มีเมฆเป็นส่วนมาก
261,Nakhon Nayok,นครนายก,60.0,48417.0,นครนายก,2022-09-12 07:00:00,19.5,19.3,99.0,1008.94,ลมสงบ,ลมสงบ,0.1,0.9,
262,Nakhon Nayok,นครนายก,60.0,48417.0,นครนายก,2022-09-12 04:00:00,19.3,18.8,97.0,1008.49,S,3.7,5.0,ไม่มีฝน,มีเมฆมาก
263,Nakhon Nayok,นครนายก,60.0,48417.0,นครนายก,2022-09-12 01:00:00,19.8,19.5,98.0,1009.43,ลมสงบ,ลมสงบ,5.0,ไม่มีฝน,มีเมฆเป็นส่วนมาก
264,Nakhon Nayok,นครนายก,60.0,48417.0,นครนายก,2022-09-11 22:00:00,19.6,19.1,97.0,1010.36,ลมสงบ,ลมสงบ,4.0,ไม่มีฝน,มีเมฆเป็นส่วนมาก
265,Prachin Buri,ปราจีนบุรี,56.0,48430.0,ปราจีนบุรี,2022-09-12 19:00:00,29.5,25.2,78.0,1007.15,ลมสงบ,ลมสงบ,8.0,ไม่มีฝน,มีเมฆเป็นส่วนมาก
266,Prachin Buri,ปราจีนบุรี,56.0,48430.0,ปราจีนบุรี,2022-09-12 16:00:00,31.5,25.1,69.0,1005.44,ลมสงบ,ลมสงบ,8.0,ไม่มีฝน,มีเมฆเป็นส่วนมาก
267,Prachin Buri,ปราจีนบุรี,56.0,48430.0,ปราจีนบุรี,2022-09-12 13:00:00,30.5,25.3,74.0,1008.36,ลมสงบ,ลมสงบ,8.0,ไม่มีฝน,มีเมฆมาก
268,Prachin Buri,ปราจีนบุรี,56.0,48430.0,ปราจีนบุรี,2022-09-12 10:00:00,29.4,23.8,72.0,1009.73,ลมสงบ,ลมสงบ,8.0,ไม่มีฝน,มีเมฆเป็นส่วนมาก
269,Prachin Buri,ปราจีนบุรี,56.0,48430.0,ปราจีนบุรี,2022-09-12 07:00:00,24.4,23.1,92.0,1008.53,ลมสงบ,ลมสงบ,8.0,7.3,มีเมฆเป็นส่วนมาก
270,Prachin Buri,ปราจีนบุรี,56.0,48430.0,ปราจีนบุรี,2022-09-12 04:00:00,24.7,23.7,94.0,1008.91,WNW,3.7,4.0,24.3,มีเมฆเต็มท้องฟ้า
271,Prachin Buri,ปราจีนบุรี,56.0,48430.0,ปราจีนบุรี,2022-09-12 01:00:00,28.5,26.4,88.0,1008.79,ลมสงบ,ลมสงบ,7.0,ไม่มีฝน,มีเมฆเต็มท้องฟ้า
272,Prachin Buri,ปราจีนบุรี,56.0,48430.0,ปราจีนบุรี,2022-09-11 22:00:00,29.2,26.1,83.0,1009.19,E,3.7,8.0,ไม่มีฝน,มีเมฆเป็นส่วนมาก
273,Nakhon Sawan,นครสวรรค์,36.0,48400.0,นครสวรรค์,2022-09-12 19:00:00,29.0,26.9,89.0,1007.43,ลมสงบ,ลมสงบ,9.0,ไม่มีฝน,มีเมฆเป็นส่วนมาก
274,Nakhon Sawan,นครสวรรค์,36.0,48400.0,นครสวรรค์,2022-09-12 16:00:00,30.5,26.3,78.0,1006.26,ENE,5.6,10.0,ไม่มีฝน,มีเมฆมาก
275,Nakhon Sawan,นครสวรรค์,36.0,48400.0,นครสวรรค์,2022-09-12 13:00:00,32.0,26.4,73.0,1008.72,NNW,7.4,10.0,ไม่มีฝน,มีเมฆมาก
276,Nakhon Sawan,นครสวรรค์,36.0,48400.0,นครสวรรค์,2022-09-12 10:00:00,31.0,25.4,72.0,1010.32,NE,5.6,10.0,ไม่มีฝน,มีเมฆบางส่วน
277,Nakhon Sawan,นครสวรรค์,36.0,48400.0,นครสวรรค์,2022-09-12 07:00:00,26.0,25.3,96.0,1008.87,ลมสงบ,ลมสงบ,9.0,ไม่มีฝน,มีเมฆเป็นส่วนมาก
278,Nakhon Sawan,นครสวรรค์,36.0,48400.0,นครสวรรค์,2022-09-12 04:00:00,26.0,25.3,96.0,1008.21,ลมสงบ,ลมสงบ,8.0,ไม่มีฝน,มีเมฆเป็นส่วนมาก
279,Nakhon Sawan,นครสวรรค์,36.0,48400.0,นครสวรรค์,2022-09-12 01:00:00,26.3,25.7,97.0,1009.62,ลมสงบ,ลมสงบ,9.0,ไม่มีฝน,มีเมฆเป็นส่วนมาก
280,Nakhon Sawan,นครสวรรค์,36.0,48400.0,นครสวรรค์,2022-09-11 22:00:00,26.6,25.7,95.0,1009.78,ลมสงบ,ลมสงบ,9.0,ไม่มีฝน,มีเมฆเป็นส่วนมาก
281,Phra Nakhon Si Ayutthaya,พระนครศรีอยุธยา,41.0,48415.0,พระนครศรีอยุธยา,2022-09-12 19:00:00,30.1,26.6,82.0,1006.09,ลมสงบ,ลมสงบ,7.0,ไม่มีฝน,มีเมฆเป็นส่วนมาก
282,Phra Nakhon Si Ayutthaya,พระนครศรีอยุธยา,41.0,48415.0,พระนครศรีอยุธยา,2022-09-12 16:00:00,32.5,25.3,66.0,1005.52,ลมสงบ,ลมสงบ,8.0,ไม่มีฝน,มีเมฆมาก
283,Phra Nakhon Si Ayutthaya,พระนครศรีอยุธยา,41.0,48415.0,พระนครศรีอยุธยา,2022-09-12 13:00:00,31.9,25.1,67.0,1008.41,ลมสงบ,ลมสงบ,8.0,ไม่มีฝน,มีเมฆเต็มท้องฟ้า
284,Phra Nakhon Si Ayutthaya,พระนครศรีอยุธยา,41.0,48415.0,พระนครศรีอยุธยา,2022-09-12 10:00:00,27.5,24.5,84.0,1010.12,ลมสงบ,ลมสงบ,8.0,ไม่มีฝน,มีเมฆเต็มท้องฟ้า
285,Phra Nakhon Si Ayutthaya,พระนครศรีอยุธยา,41.0,48415.0,พระนครศรีอยุธยา,2022-09-12 07:00:00,26.4,25.0,92.0,1009.12,SE,7.4,8.0,ไม่มีฝน,มีเมฆเต็มท้องฟ้า
286,Phra Nakhon Si Ayutthaya,พระนครศรีอยุธยา,41.0,48415.0,พระนครศรีอยุธยา,2022-09-12 04:00:00,26.4,24.7,90.0,1009.32,SE,7.4,8.0,ไม่มีฝน,มีเมฆเป็นส่วนมาก
287,Phra Nakhon Si Ayutthaya,พระนครศรีอยุธยา,41.0,48415.0,พระนครศรีอยุธยา,2022-09-12 01:00:00,26.8,25.1,90.0,1009.72,NE,7.4,8.0,ไม่มีฝน,มีเมฆมาก
288,Phra Nakhon Si Ayutthaya,พระนครศรีอยุธยา,41.0,48415.0,พระนครศรีอยุธยา,2022-09-11 22:00:00,27.9,25.5,87.0,1010.11,SE,7.4,8.0,ไม่มีฝน,มีเมฆเป็นส่วนมาก
289,Pathum Thani,ปทุมธานี,43.0,48419.0,ปทุมธานี สกษ.,2022-09-12 19:00:00,29.0,25.5,81.0,1006.9,SE,3.7,8.0,ไม่มีฝน,มีเมฆเป็นส่วนมาก
290,Pathum Thani,ปทุมธานี,43.0,48419.0,ปทุมธานี สกษ.,2022-09-12 16:00:00,30.8,24.7,70.0,1005.79,NE,1.9,8.0,ไม่มีฝน,มีเมฆเต็มท้องฟ้า
291,Pathum Thani,ปทุมธานี,43.0,48419.0,ปทุมธานี สกษ.,2022-09-12 13:00:00,31.3,24.9,69.0,1008.51,WSW,1.9,8.0,ไม่มีฝน,มีเมฆเป็นส่วนมาก
292,Pathum Thani,ปทุมธานี,43.0,48419.0,ปทุมธานี สกษ.,2022-09-12 10:00:00,29.3,24.9,77.0,1010.07,S,1.9,8.0,ไม่มีฝน,มีเมฆเต็มท้องฟ้า
293,Pathum Thani,ปทุมธานี,43.0,48419.0,ปทุมธานี สกษ.,2022-09-12 07:00:00,27.0,24.1,84.0,1008.82,ลมสงบ,ลมสงบ,8.0,ไม่มีฝน,มีเมฆมาก
294,Pathum Thani,ปทุมธานี,43.0,48419.0,ปทุมธานี สกษ.,2022-09-12 04:00:00,26.6,23.8,85.0,1008.11,ลมสงบ,ลมสงบ,8.0,ไม่มีฝน,มีเมฆเป็นส่วนมาก
295,Pathum Thani,ปทุมธานี,43.0,48419.0,ปทุมธานี สกษ.,2022-09-12 01:00:00,27.3,24.4,84.0,1009.52,SW,5.6,8.0,ไม่มีฝน,มีเมฆเป็นส่วนมาก
296,Pathum Thani,ปทุมธานี,43.0,48419.0,ปทุมธานี สกษ.,2022-09-11 22:00:00,29.0,25.9,83.0,1009.66,ลมสงบ,ลมสงบ,9.0,ไม่มีฝน,มีเมฆเป็นส่วนมาก
297,Sing Buri,สิงห์บุรี,,,,,,,,,,,,,
298,Saraburi,สระบุรี,,,,,,,,,,,,,
299,Bangkok Metropolis,กรุงเทพมหานคร,37.0,48455.0,กรุงเทพมหานคร,2022-09-12 19:00:00,26.0,25.3,96.0,1006.98,ลมสงบ,ลมสงบ,8.0,5.7,มีเมฆเต็มท้องฟ้า
300,Bangkok Metropolis,กรุงเทพมหานคร,37.0,48455.0,กรุงเทพมหานคร,2022-09-12 16:00:00,30.5,25.1,73.0,1005.41,N,5.6,6.0,0.4,มีเมฆเต็มท้องฟ้า
301,Bangkok Metropolis,กรุงเทพมหานคร,37.0,48455.0,กรุงเทพมหานคร,2022-09-12 13:00:00,30.5,26.3,78.0,1008.45,N,5.6,10.0,ไม่มีฝน,มีเมฆเป็นส่วนมาก
302,Bangkok Metropolis,กรุงเทพมหานคร,37.0,48455.0,กรุงเทพมหานคร,2022-09-12 10:00:00,28.0,25.4,86.0,1009.85,ลมสงบ,ลมสงบ,8.0,0.2,มีเมฆเต็มท้องฟ้า
303,Bangkok Metropolis,กรุงเทพมหานคร,37.0,48455.0,กรุงเทพมหานคร,2022-09-12 07:00:00,25.6,25.0,97.0,1008.5,ลมสงบ,ลมสงบ,8.0,0.1,มีเมฆเต็มท้องฟ้า
304,Bangkok Metropolis,กรุงเทพมหานคร,37.0,48455.0,กรุงเทพมหานคร,2022-09-12 04:00:00,25.4,24.8,97.0,1007.81,ลมสงบ,ลมสงบ,8.0,2.2,มีเมฆเต็มท้องฟ้า
305,Bangkok Metropolis,กรุงเทพมหานคร,37.0,48455.0,กรุงเทพมหานคร,2022-09-12 01:00:00,25.0,24.7,98.0,1009.31,SSE,3.7,7.0,18.9,มีเมฆเต็มท้องฟ้า
306,Bangkok Metropolis,กรุงเทพมหานคร,37.0,48455.0,กรุงเทพมหานคร,2022-09-11 22:00:00,28.9,25.1,80.0,1009.36,ลมสงบ,ลมสงบ,10.0,ไม่มีฝน,มีเมฆเป็นส่วนมาก
307,Nonthaburi,นนทบุรี,,,,,,,,,,,,,
308,Nakhon Pathom,นครปฐม,50.0,48451.0,นครปฐม,2022-09-12 19:00:00,29.0,25.5,81.0,1006.53,ลมสงบ,ลมสงบ,10.0,ไม่มีฝน,มีเมฆเต็มท้องฟ้า
309,Nakhon Pathom,นครปฐม,50.0,48451.0,นครปฐม,2022-09-12 16:00:00,33.0,22.9,55.0,1005.55,ลมสงบ,ลมสงบ,10.0,ไม่มีฝน,มีเมฆเต็มท้องฟ้า
310,Nakhon Pathom,นครปฐม,50.0,48451.0,นครปฐม,2022-09-12 13:00:00,30.5,24.8,72.0,1008.59,ลมสงบ,ลมสงบ,10.0,ไม่มีฝน,มีเมฆเต็มท้องฟ้า
311,Nakhon Pathom,นครปฐม,50.0,48451.0,นครปฐม,2022-09-12 10:00:00,28.2,25.1,83.0,1010.17,ลมสงบ,ลมสงบ,10.0,ไม่มีฝน,มีเมฆเต็มท้องฟ้า
312,Nakhon Pathom,นครปฐม,50.0,48451.0,นครปฐม,2022-09-12 07:00:00,24.8,24.4,97.0,1008.64,ลมสงบ,ลมสงบ,10.0,ไม่มีฝน,มีเมฆเต็มท้องฟ้า
313,Nakhon Pathom,นครปฐม,50.0,48451.0,นครปฐม,2022-09-12 04:00:00,24.8,24.5,98.0,1007.71,ลมสงบ,ลมสงบ,10.0,0.1,มีเมฆมาก
314,Nakhon Pathom,นครปฐม,50.0,48451.0,นครปฐม,2022-09-12 01:00:00,24.6,24.3,98.0,1009.52,ลมสงบ,ลมสงบ,4.0,0.8,มีเมฆมาก
315,Nakhon Pathom,นครปฐม,50.0,48451.0,นครปฐม,2022-09-11 22:00:00,23.9,23.5,97.0,1009.9,E,3.7,5.0,75.1,มีเมฆเต็มท้องฟ้า
316,Phetchaburi,เพชรบุรี,70.0,48465.0,เพชรบุรี,2022-09-12 19:00:00,29.6,25.2,77.0,1007.35,ลมสงบ,ลมสงบ,11.0,ไม่มีฝน,มีเมฆเป็นส่วนมาก
317,Phetchaburi,เพชรบุรี,70.0,48465.0,เพชรบุรี,2022-09-12 16:00:00,30.6,25.5,74.0,1005.95,ลมสงบ,ลมสงบ,11.0,ไม่มีฝน,มีเมฆเป็นส่วนมาก
318,Phetchaburi,เพชรบุรี,70.0,48465.0,เพชรบุรี,2022-09-12 13:00:00,31.2,25.0,70.0,1008.87,ลมสงบ,ลมสงบ,11.0,ไม่มีฝน,มีเมฆเป็นส่วนมาก
319,Phetchaburi,เพชรบุรี,70.0,48465.0,เพชรบุรี,2022-09-12 10:00:00,28.6,24.1,77.0,1010.4,ลมสงบ,ลมสงบ,11.0,ไม่มีฝน,มีเมฆเป็นส่วนมาก
320,Phetchaburi,เพชรบุรี,70.0,48465.0,เพชรบุรี,2022-09-12 07:00:00,26.4,24.5,89.0,1009.03,ลมสงบ,ลมสงบ,11.0,ไม่มีฝน,มีเมฆเต็มท้องฟ้า
321,Phetchaburi,เพชรบุรี,70.0,48465.0,เพชรบุรี,2022-09-12 04:00:00,26.1,24.5,91.0,1008.2,ลมสงบ,ลมสงบ,11.0,ไม่มีฝน,มีเมฆเต็มท้องฟ้า
322,Phetchaburi,เพชรบุรี,70.0,48465.0,เพชรบุรี,2022-09-12 01:00:00,26.6,24.4,88.0,1009.42,ลมสงบ,ลมสงบ,11.0,ไม่มีฝน,มีเมฆเต็มท้องฟ้า
323,Phetchaburi,เพชรบุรี,70.0,48465.0,เพชรบุรี,2022-09-11 22:00:00,27.0,24.1,84.0,1010.2,ลมสงบ,ลมสงบ,11.0,ไม่มีฝน,มีเมฆเป็นส่วนมาก
324,Prachuap Khiri Khan,ประจวบคีรีขันธ์,71.0,48475.0,หัวหิน,2022-09-12 19:00:00,29.5,23.7,71.0,1007.37,SSW,3.7,10.0,ไม่มีฝน,ท้องฟ้าโปร่ง
325,Prachuap Khiri Khan,ประจวบคีรีขันธ์,71.0,48475.0,หัวหิน,2022-09-12 16:00:00,30.5,24.8,72.0,1005.95,ESE,5.6,10.0,ไม่มีฝน,มีเมฆเป็นส่วนมาก
326,Prachuap Khiri Khan,ประจวบคีรีขันธ์,71.0,48475.0,หัวหิน,2022-09-12 13:00:00,31.7,23.6,62.0,1008.73,WNW,7.4,10.0,ไม่มีฝน,มีเมฆมาก
327,Prachuap Khiri Khan,ประจวบคีรีขันธ์,71.0,48475.0,หัวหิน,2022-09-12 10:00:00,28.2,24.3,80.0,1010.03,SW,3.7,10.0,0.1,มีเมฆเต็มท้องฟ้า
328,Prachuap Khiri Khan,ประจวบคีรีขันธ์,71.0,48475.0,หัวหิน,2022-09-12 07:00:00,25.0,23.7,92.0,1009.08,WNW,3.7,9.0,2.5,มีเมฆเต็มท้องฟ้า
329,Prachuap Khiri Khan,ประจวบคีรีขันธ์,71.0,48475.0,หัวหิน,2022-09-12 04:00:00,26.0,23.1,84.0,1008.18,ลมสงบ,ลมสงบ,10.0,ไม่มีฝน,มีเมฆเต็มท้องฟ้า
330,Prachuap Khiri Khan,ประจวบคีรีขันธ์,71.0,48475.0,หัวหิน,2022-09-12 01:00:00,26.5,24.2,87.0,1009.51,ลมสงบ,ลมสงบ,10.0,ไม่มีฝน,มีเมฆมาก
331,Prachuap Khiri Khan,ประจวบคีรีขันธ์,71.0,48475.0,หัวหิน,2022-09-11 22:00:00,27.0,24.0,83.0,1009.94,ลมสงบ,ลมสงบ,10.0,ไม่มีฝน,มีเมฆเป็นส่วนมาก
332,Ratchaburi,ราชบุรี,42.0,48464.0,ราชบุรี,2022-09-12 19:00:00,30.1,25.3,76.0,1007.25,S,3.7,10.0,ไม่มีฝน,มีเมฆเต็มท้องฟ้า
333,Ratchaburi,ราชบุรี,42.0,48464.0,ราชบุรี,2022-09-12 16:00:00,32.0,23.5,61.0,1006.78,NE,7.4,14.0,ไม่มีฝน,มีเมฆมาก
334,Ratchaburi,ราชบุรี,42.0,48464.0,ราชบุรี,2022-09-12 13:00:00,31.3,23.3,63.0,1009.8,W,3.7,14.0,ไม่มีฝน,มีเมฆมาก
335,Ratchaburi,ราชบุรี,42.0,48464.0,ราชบุรี,2022-09-12 10:00:00,29.0,24.4,76.0,1010.66,N,3.7,14.0,ไม่มีฝน,มีเมฆเป็นส่วนมาก
336,Ratchaburi,ราชบุรี,42.0,48464.0,ราชบุรี,2022-09-12 07:00:00,25.2,24.2,94.0,1009.59,SE,3.7,12.0,ไม่มีฝน,มีเมฆเต็มท้องฟ้า
337,Ratchaburi,ราชบุรี,42.0,48464.0,ราชบุรี,2022-09-12 04:00:00,25.3,23.8,92.0,1009.76,W,7.4,10.0,ไม่มีฝน,มีเมฆเต็มท้องฟ้า
338,Ratchaburi,ราชบุรี,42.0,48464.0,ราชบุรี,2022-09-12 01:00:00,25.5,24.0,92.0,1010.36,NW,3.7,10.0,ไม่มีฝน,มีเมฆเต็มท้องฟ้า
339,Ratchaburi,ราชบุรี,42.0,48464.0,ราชบุรี,2022-09-11 22:00:00,25.2,23.7,92.0,1010.47,SW,3.7,10.0,ฝนเล็กน้อย,มีเมฆเต็มท้องฟ้า
340,Samut Prakan,สมุทรปราการ,51.0,48457.0,นำร่อง,2022-09-12 19:00:00,29.5,25.1,77.0,1007.14,S,9.3,9.0,ไม่มีฝน,มีเมฆเป็นส่วนมาก
341,Samut Prakan,สมุทรปราการ,51.0,48457.0,นำร่อง,2022-09-12 16:00:00,29.3,24.4,75.0,1005.6,SW,5.6,9.0,ไม่มีฝน,มีเมฆเป็นส่วนมาก
342,Samut Prakan,สมุทรปราการ,51.0,48457.0,นำร่อง,2022-09-12 13:00:00,30.2,24.9,74.0,1009.19,ลมสงบ,ลมสงบ,8.0,ไม่มีฝน,มีเมฆมาก
343,Samut Prakan,สมุทรปราการ,51.0,48457.0,นำร่อง,2022-09-12 10:00:00,29.4,24.2,74.0,1010.22,W,5.6,10.0,ไม่มีฝน,มีเมฆเป็นส่วนมาก
344,Samut Prakan,สมุทรปราการ,51.0,48457.0,นำร่อง,2022-09-12 07:00:00,28.0,23.3,76.0,1008.78,WSW,9.3,10.0,ไม่มีฝน,มีเมฆเป็นส่วนมาก
345,Samut Sakhon,สมุทรสาคร,,,,,,,,,,,,,
346,Samut Songkhram,สมุทรสงคราม,46.0,48438.0,สมุทรสงคราม,2022-09-12 19:00:00,30.2,25.7,77.0,1006.86,S,7.4,10.0,ไม่มีฝน,มีเมฆเป็นส่วนมาก
347,Samut Songkhram,สมุทรสงคราม,46.0,48438.0,สมุทรสงคราม,2022-09-12 16:00:00,31.2,25.3,71.0,1005.23,SSE,5.6,10.0,ไม่มีฝน,มีเมฆเป็นส่วนมาก
348,Samut Songkhram,สมุทรสงคราม,46.0,48438.0,สมุทรสงคราม,2022-09-12 13:00:00,32.2,24.0,62.0,1008.54,ลมสงบ,ลมสงบ,10.0,ไม่มีฝน,มีเมฆมาก
349,Samut Songkhram,สมุทรสงคราม,46.0,48438.0,สมุทรสงคราม,2022-09-12 10:00:00,29.7,24.2,73.0,1010.09,ลมสงบ,ลมสงบ,10.0,ไม่มีฝน,มีเมฆเป็นส่วนมาก
350,Samut Songkhram,สมุทรสงคราม,46.0,48438.0,สมุทรสงคราม,2022-09-12 07:00:00,26.0,24.3,90.0,1008.62,ลมสงบ,ลมสงบ,10.0,0.1,มีเมฆเต็มท้องฟ้า
351,Samut Songkhram,สมุทรสงคราม,46.0,48438.0,สมุทรสงคราม,2022-09-12 04:00:00,25.7,24.5,93.0,1007.82,ลมสงบ,ลมสงบ,10.0,ไม่มีฝน,มีเมฆเต็มท้องฟ้า
352,Samut Songkhram,สมุทรสงคราม,46.0,48438.0,สมุทรสงคราม,2022-09-12 01:00:00,25.3,24.3,94.0,1008.97,ลมสงบ,ลมสงบ,10.0,0.2,มีเมฆมาก
353,Samut Songkhram,สมุทรสงคราม,46.0,48438.0,สมุทรสงคราม,2022-09-11 22:00:00,25.1,24.2,95.0,1009.56,W,18.5,9.0,27.9,มีเมฆเต็มท้องฟ้า
354,Si Sa Ket,ศรีสะเกษ,30.0,48409.0,ศรีสะเกษ,2022-09-12 19:00:00,28.0,25.1,85.0,1007.2,ลมสงบ,ลมสงบ,10.0,ไม่มีฝน,มีเมฆเป็นส่วนมาก
355,Si Sa Ket,ศรีสะเกษ,30.0,48409.0,ศรีสะเกษ,2022-09-12 16:00:00,30.6,24.0,68.0,1005.83,SW,7.4,10.0,ไม่มีฝน,มีเมฆเป็นส่วนมาก
356,Si Sa Ket,ศรีสะเกษ,30.0,48409.0,ศรีสะเกษ,2022-09-12 13:00:00,29.8,25.0,75.0,1007.82,SE,5.6,10.0,ไม่มีฝน,มีเมฆเป็นส่วนมาก
357,Si Sa Ket,ศรีสะเกษ,30.0,48409.0,ศรีสะเกษ,2022-09-12 10:00:00,25.4,24.1,92.0,1010.76,WSW,7.4,10.0,ไม่มีฝน,มีเมฆมาก
358,Si Sa Ket,ศรีสะเกษ,30.0,48409.0,ศรีสะเกษ,2022-09-12 07:00:00,25.4,23.9,92.0,1009.68,S,9.3,10.0,ไม่มีฝน,มีเมฆเต็มท้องฟ้า
359,Si Sa Ket,ศรีสะเกษ,30.0,48409.0,ศรีสะเกษ,2022-09-12 04:00:00,27.1,24.8,87.0,1008.23,ลมสงบ,ลมสงบ,10.0,ไม่มีฝน,มีเมฆเป็นส่วนมาก
360,Si Sa Ket,ศรีสะเกษ,30.0,48409.0,ศรีสะเกษ,2022-09-12 01:00:00,27.5,25.4,88.0,1008.87,ลมสงบ,ลมสงบ,10.0,ไม่มีฝน,มีเมฆบางส่วน
361,Si Sa Ket,ศรีสะเกษ,30.0,48409.0,ศรีสะเกษ,2022-09-11 22:00:00,27.6,25.0,86.0,1009.37,ลมสงบ,ลมสงบ,10.0,ไม่มีฝน,มีเมฆบางส่วน
362,Ubon Ratchathani,อุบลราชธานี,19.0,48407.0,อุบลราชธานี (ศูนย์ฯ),2022-09-12 19:00:00,28.7,24.1,76.0,1007.33,ลมสงบ,ลมสงบ,10.0,ไม่มีฝน,มีเมฆเป็นส่วนมาก
363,Ubon Ratchathani,อุบลราชธานี,19.0,48407.0,อุบลราชธานี (ศูนย์ฯ),2022-09-12 16:00:00,32.2,24.0,62.0,1004.98,ลมสงบ,ลมสงบ,10.0,ไม่มีฝน,มีเมฆเป็นส่วนมาก
364,Ubon Ratchathani,อุบลราชธานี,19.0,48407.0,อุบลราชธานี (ศูนย์ฯ),2022-09-12 13:00:00,32.0,23.8,62.0,1007.43,ลมสงบ,ลมสงบ,10.0,ไม่มีฝน,มีเมฆเป็นส่วนมาก
365,Ubon Ratchathani,อุบลราชธานี,19.0,48407.0,อุบลราชธานี (ศูนย์ฯ),2022-09-12 10:00:00,29.2,23.4,71.0,1010.52,ลมสงบ,ลมสงบ,10.0,ไม่มีฝน,มีเมฆเป็นส่วนมาก
366,Ubon Ratchathani,อุบลราชธานี,19.0,48407.0,อุบลราชธานี (ศูนย์ฯ),2022-09-12 07:00:00,24.7,23.7,94.0,1009.68,ลมสงบ,ลมสงบ,10.0,0.8,มีเมฆเต็มท้องฟ้า
367,Ubon Ratchathani,อุบลราชธานี,19.0,48407.0,อุบลราชธานี (ศูนย์ฯ),2022-09-12 04:00:00,25.0,22.8,88.0,1008.3,E,3.7,10.0,ไม่มีฝน,มีเมฆเต็มท้องฟ้า
368,Ubon Ratchathani,อุบลราชธานี,19.0,48407.0,อุบลราชธานี (ศูนย์ฯ),2022-09-12 01:00:00,27.5,25.7,90.0,1008.69,ลมสงบ,ลมสงบ,10.0,ไม่มีฝน,มีเมฆเป็นส่วนมาก
369,Ubon Ratchathani,อุบลราชธานี,19.0,48407.0,อุบลราชธานี (ศูนย์ฯ),2022-09-11 22:00:00,28.8,24.8,79.0,1009.03,ลมสงบ,ลมสงบ,10.0,ไม่มีฝน,มีเมฆบางส่วน
370,Amnat Charoen,อำนาจเจริญ,34.0,48391.0,อำนาจเจริญ,2022-09-12 19:00:00,27.6,24.4,83.0,1007.05,SSW,5.6,8.0,ไม่มีฝน,มีเมฆเป็นส่วนมาก
371,Amnat Charoen,อำนาจเจริญ,34.0,48391.0,อำนาจเจริญ,2022-09-12 16:00:00,32.1,24.4,64.0,1004.37,SW,3.7,10.0,ไม่มีฝน,ท้องฟ้าโปร่ง
372,Amnat Charoen,อำนาจเจริญ,34.0,48391.0,อำนาจเจริญ,2022-09-12 13:00:00,30.4,25.9,77.0,1007.1,SSW,5.6,10.0,ไม่มีฝน,มีเมฆบางส่วน
373,Amnat Charoen,อำนาจเจริญ,34.0,48391.0,อำนาจเจริญ,2022-09-12 10:00:00,28.1,24.5,81.0,1010.32,SW,5.6,10.0,ไม่มีฝน,มีเมฆเป็นส่วนมาก
374,Amnat Charoen,อำนาจเจริญ,34.0,48391.0,อำนาจเจริญ,2022-09-12 07:00:00,25.8,23.6,88.0,1008.73,ลมสงบ,ลมสงบ,9.0,ไม่มีฝน,ท้องฟ้าโปร่ง
375,Amnat Charoen,อำนาจเจริญ,34.0,48391.0,อำนาจเจริญ,2022-09-12 04:00:00,24.5,23.8,96.0,1007.79,ลมสงบ,ลมสงบ,10.0,ไม่มีฝน,มีเมฆเป็นส่วนมาก
376,Amnat Charoen,อำนาจเจริญ,34.0,48391.0,อำนาจเจริญ,2022-09-12 01:00:00,25.9,25.0,95.0,1008.59,ลมสงบ,ลมสงบ,10.0,ไม่มีฝน,มีเมฆเป็นส่วนมาก
377,Amnat Charoen,อำนาจเจริญ,34.0,48391.0,อำนาจเจริญ,2022-09-11 22:00:00,25.6,25.4,99.0,1008.81,ลมสงบ,ลมสงบ,10.0,ไม่มีฝน,มีเมฆบางส่วน
378,Yasothon,ยโสธร,31.0,48406.0,ยโสธร,2022-09-12 19:00:00,27.8,24.3,82.0,1007.21,SW,3.7,10.0,ไม่มีฝน,มีเมฆเป็นส่วนมาก
379,Yasothon,ยโสธร,31.0,48406.0,ยโสธร,2022-09-12 16:00:00,32.7,24.6,63.0,1005.0,ลมสงบ,ลมสงบ,10.0,ไม่มีฝน,มีเมฆบางส่วน
380,Yasothon,ยโสธร,31.0,48406.0,ยโสธร,2022-09-12 13:00:00,30.7,23.8,67.0,1007.53,NNE,5.6,10.0,ไม่มีฝน,มีเมฆบางส่วน
381,Yasothon,ยโสธร,31.0,48406.0,ยโสธร,2022-09-12 10:00:00,28.7,25.0,80.0,1010.82,S,9.3,10.0,ไม่มีฝน,มีเมฆเป็นส่วนมาก
382,Yasothon,ยโสธร,31.0,48406.0,ยโสธร,2022-09-12 07:00:00,26.2,25.3,95.0,1008.95,ลมสงบ,ลมสงบ,10.0,ไม่มีฝน,มีเมฆมาก
383,Yasothon,ยโสธร,31.0,48406.0,ยโสธร,2022-09-12 04:00:00,25.7,25.5,99.0,1008.0,ลมสงบ,ลมสงบ,10.0,ไม่มีฝน,มีเมฆเป็นส่วนมาก
384,Yasothon,ยโสธร,31.0,48406.0,ยโสธร,2022-09-12 01:00:00,26.1,25.2,95.0,1008.82,ลมสงบ,ลมสงบ,10.0,ไม่มีฝน,มีเมฆเป็นส่วนมาก
385,Yasothon,ยโสธร,31.0,48406.0,ยโสธร,2022-09-11 22:00:00,27.0,25.9,94.0,1009.35,ลมสงบ,ลมสงบ,10.0,ไม่มีฝน,มีเมฆบางส่วน
386,Chon Buri,ชลบุรี,61.0,48461.0,พัทยา,2022-09-12 19:00:00,27.0,24.7,87.0,1007.01,ลมสงบ,ลมสงบ,10.0,ไม่มีฝน,มีเมฆเต็มท้องฟ้า
387,Chon Buri,ชลบุรี,61.0,48461.0,พัทยา,2022-09-12 16:00:00,27.9,25.2,85.0,1005.94,ลมสงบ,ลมสงบ,10.0,ไม่มีฝน,มีเมฆเต็มท้องฟ้า
388,Chon Buri,ชลบุรี,61.0,48461.0,พัทยา,2022-09-12 13:00:00,28.7,25.4,83.0,1008.76,SSW,11.1,12.0,ไม่มีฝน,มีเมฆเต็มท้องฟ้า
389,Chon Buri,ชลบุรี,61.0,48461.0,พัทยา,2022-09-12 10:00:00,27.9,25.8,88.0,1009.79,ลมสงบ,ลมสงบ,10.0,ไม่มีฝน,มีเมฆมาก
390,Chon Buri,ชลบุรี,61.0,48461.0,พัทยา,2022-09-12 07:00:00,24.6,23.7,95.0,1009.09,ลมสงบ,ลมสงบ,10.0,5.8,มีเมฆเต็มท้องฟ้า
391,Chon Buri,ชลบุรี,61.0,48461.0,พัทยา,2022-09-12 04:00:00,24.5,23.8,96.0,1008.93,ลมสงบ,ลมสงบ,4.0,29.4,มีเมฆเต็มท้องฟ้า
392,Chon Buri,ชลบุรี,61.0,48461.0,พัทยา,2022-09-12 01:00:00,26.0,25.3,96.0,1009.53,ลมสงบ,ลมสงบ,6.0,20.0,มีเมฆเต็มท้องฟ้า
393,Chon Buri,ชลบุรี,61.0,48461.0,พัทยา,2022-09-11 22:00:00,28.1,24.2,79.0,1010.0,ลมสงบ,ลมสงบ,10.0,ไม่มีฝน,มีเมฆเป็นส่วนมาก
394,Chachoengsao,ฉะเชิงเทรา,59.0,48458.0,ฉะเชิงเทรา,2022-09-12 19:00:00,28.6,26.1,86.0,1008.81,ลมสงบ,ลมสงบ,10.0,ไม่มีฝน,มีเมฆเต็มท้องฟ้า
395,Chachoengsao,ฉะเชิงเทรา,59.0,48458.0,ฉะเชิงเทรา,2022-09-12 16:00:00,31.0,24.7,69.0,1006.98,ลมสงบ,ลมสงบ,10.0,ไม่มีฝน,มีเมฆเต็มท้องฟ้า
396,Chachoengsao,ฉะเชิงเทรา,59.0,48458.0,ฉะเชิงเทรา,2022-09-12 13:00:00,30.6,24.3,69.0,1009.94,ลมสงบ,ลมสงบ,10.0,ไม่มีฝน,มีเมฆเต็มท้องฟ้า
397,Chachoengsao,ฉะเชิงเทรา,59.0,48458.0,ฉะเชิงเทรา,2022-09-12 10:00:00,28.1,24.4,80.0,1011.62,N,3.7,10.0,ไม่มีฝน,มีเมฆเต็มท้องฟ้า
398,Chachoengsao,ฉะเชิงเทรา,59.0,48458.0,ฉะเชิงเทรา,2022-09-12 07:00:00,24.4,23.8,97.0,1010.54,ลมสงบ,ลมสงบ,10.0,ไม่มีฝน,มีเมฆเต็มท้องฟ้า
399,Chachoengsao,ฉะเชิงเทรา,59.0,48458.0,ฉะเชิงเทรา,2022-09-12 04:00:00,25.2,24.5,96.0,1009.18,ลมสงบ,ลมสงบ,10.0,ไม่มีฝน,มีเมฆเต็มท้องฟ้า
400,Chachoengsao,ฉะเชิงเทรา,59.0,48458.0,ฉะเชิงเทรา,2022-09-12 01:00:00,25.5,24.8,96.0,1010.44,ลมสงบ,ลมสงบ,10.0,ไม่มีฝน,มีเมฆเต็มท้องฟ้า
401,Chachoengsao,ฉะเชิงเทรา,59.0,48458.0,ฉะเชิงเทรา,2022-09-11 22:00:00,26.5,25.1,92.0,1010.98,ลมสงบ,ลมสงบ,10.0,ไม่มีฝน,มีเมฆเต็มท้องฟ้า
402,Chanthaburi,จันทบุรี,58.0,48480.0,จันทบุรี,2022-09-12 19:00:00,27.2,25.2,89.0,1008.22,SSW,5.6,7.0,3.3,มีเมฆเต็มท้องฟ้า
403,Chanthaburi,จันทบุรี,58.0,48480.0,จันทบุรี,2022-09-12 16:00:00,30.0,25.8,78.0,1006.23,SE,5.6,10.0,ไม่มีฝน,มีเมฆเต็มท้องฟ้า
404,Chanthaburi,จันทบุรี,58.0,48480.0,จันทบุรี,2022-09-12 13:00:00,29.8,25.3,77.0,1008.4,ลมสงบ,ลมสงบ,9.0,0.1,มีเมฆเต็มท้องฟ้า
405,Chanthaburi,จันทบุรี,58.0,48480.0,จันทบุรี,2022-09-12 10:00:00,27.5,24.3,83.0,1010.29,ลมสงบ,ลมสงบ,9.0,ไม่มีฝน,มีเมฆเต็มท้องฟ้า
406,Chanthaburi,จันทบุรี,58.0,48480.0,จันทบุรี,2022-09-12 07:00:00,25.0,24.4,97.0,1009.14,ลมสงบ,ลมสงบ,8.0,ไม่มีฝน,มีเมฆเต็มท้องฟ้า
407,Chanthaburi,จันทบุรี,58.0,48480.0,จันทบุรี,2022-09-12 04:00:00,24.8,24.4,97.0,1008.74,ลมสงบ,ลมสงบ,7.0,ไม่มีฝน,มีเมฆเต็มท้องฟ้า
408,Chanthaburi,จันทบุรี,58.0,48480.0,จันทบุรี,2022-09-12 01:00:00,24.9,24.3,97.0,1009.7,ลมสงบ,ลมสงบ,5.0,37.6,มีเมฆเต็มท้องฟ้า
409,Chanthaburi,จันทบุรี,58.0,48480.0,จันทบุรี,2022-09-11 22:00:00,25.0,24.1,95.0,1010.45,ลมสงบ,ลมสงบ,7.0,6.1,มีเมฆเป็นส่วนมาก
410,Sa Kaeo,สระแก้ว,53.0,48440.0,สระแก้ว,2022-09-12 19:00:00,27.9,25.3,86.0,1008.09,ลมสงบ,ลมสงบ,7.0,ไม่มีฝน,มีเมฆเป็นส่วนมาก
411,Sa Kaeo,สระแก้ว,53.0,48440.0,สระแก้ว,2022-09-12 16:00:00,30.0,25.6,78.0,1005.89,ลมสงบ,ลมสงบ,8.0,ไม่มีฝน,มีเมฆเป็นส่วนมาก
412,Sa Kaeo,สระแก้ว,53.0,48440.0,สระแก้ว,2022-09-12 13:00:00,29.8,25.0,75.0,1008.59,SSE,3.7,8.0,ไม่มีฝน,มีเมฆเต็มท้องฟ้า
413,Sa Kaeo,สระแก้ว,53.0,48440.0,สระแก้ว,2022-09-12 10:00:00,27.1,24.1,84.0,1010.26,ลมสงบ,ลมสงบ,8.0,ไม่มีฝน,มีเมฆมาก
414,Sa Kaeo,สระแก้ว,53.0,48440.0,สระแก้ว,2022-09-12 07:00:00,25.0,24.3,96.0,1009.38,ลมสงบ,ลมสงบ,6.0,ไม่มีฝน,มีเมฆเต็มท้องฟ้า
415,Sa Kaeo,สระแก้ว,53.0,48440.0,สระแก้ว,2022-09-12 04:00:00,25.1,24.2,95.0,1008.63,ลมสงบ,ลมสงบ,7.0,ไม่มีฝน,ท้องฟ้าโปร่ง
416,Sa Kaeo,สระแก้ว,53.0,48440.0,สระแก้ว,2022-09-12 01:00:00,26.4,25.1,93.0,1009.14,ลมสงบ,ลมสงบ,7.0,ไม่มีฝน,มีเมฆมาก
417,Sa Kaeo,สระแก้ว,53.0,48440.0,สระแก้ว,2022-09-11 22:00:00,27.6,26.3,93.0,1009.25,ลมสงบ,ลมสงบ,8.0,ไม่มีฝน,มีเมฆบางส่วน
418,Rayong,ระยอง,55.0,48478.0,ระยอง,2022-09-12 19:00:00,26.7,24.2,86.0,1008.01,ลมสงบ,ลมสงบ,10.0,ไม่มีฝน,มีเมฆเต็มท้องฟ้า
419,Rayong,ระยอง,55.0,48478.0,ระยอง,2022-09-12 16:00:00,29.5,24.5,75.0,1006.15,W,7.4,10.0,ไม่มีฝน,มีเมฆเต็มท้องฟ้า
420,Rayong,ระยอง,55.0,48478.0,ระยอง,2022-09-12 13:00:00,29.5,25.2,78.0,1008.64,SSE,9.3,10.0,ไม่มีฝน,มีเมฆเต็มท้องฟ้า
421,Rayong,ระยอง,55.0,48478.0,ระยอง,2022-09-12 10:00:00,27.7,25.3,87.0,1009.98,ลมสงบ,ลมสงบ,10.0,ไม่มีฝน,มีเมฆเต็มท้องฟ้า
422,Rayong,ระยอง,55.0,48478.0,ระยอง,2022-09-12 07:00:00,24.1,23.2,95.0,1009.16,ลมสงบ,ลมสงบ,10.0,ไม่มีฝน,มีเมฆเต็มท้องฟ้า
423,Rayong,ระยอง,55.0,48478.0,ระยอง,2022-09-12 04:00:00,24.5,23.3,93.0,1008.54,ลมสงบ,ลมสงบ,10.0,41.7,มีเมฆเต็มท้องฟ้า
424,Rayong,ระยอง,55.0,48478.0,ระยอง,2022-09-12 01:00:00,26.7,24.5,88.0,1009.6,ลมสงบ,ลมสงบ,10.0,ฝนเล็กน้อย,มีเมฆเต็มท้องฟ้า
425,Rayong,ระยอง,55.0,48478.0,ระยอง,2022-09-11 22:00:00,27.6,25.3,87.0,1009.81,ลมสงบ,ลมสงบ,9.0,ฝนเล็กน้อย,มีเมฆเต็มท้องฟ้า
426,Trat,ตราด,57.0,48501.0,ตราด,2022-09-12 19:00:00,26.5,23.6,84.0,1008.48,ลมสงบ,ลมสงบ,7.0,ฝนเล็กน้อย,มีเมฆเป็นส่วนมาก
427,Trat,ตราด,57.0,48501.0,ตราด,2022-09-12 16:00:00,28.6,25.2,82.0,1006.88,ENE,5.6,8.0,ไม่มีฝน,มีเมฆเต็มท้องฟ้า
428,Trat,ตราด,57.0,48501.0,ตราด,2022-09-12 13:00:00,31.6,24.9,68.0,1008.47,WNW,7.4,10.0,ไม่มีฝน,ท้องฟ้าโปร่ง
429,Trat,ตราด,57.0,48501.0,ตราด,2022-09-12 10:00:00,28.9,25.5,82.0,1010.23,ลมสงบ,ลมสงบ,10.0,ไม่มีฝน,มีเมฆเต็มท้องฟ้า
430,Trat,ตราด,57.0,48501.0,ตราด,2022-09-12 07:00:00,25.0,24.3,96.0,1008.77,ลมสงบ,ลมสงบ,8.0,ไม่มีฝน,มีเมฆเป็นส่วนมาก
431,Trat,ตราด,57.0,48501.0,ตราด,2022-09-12 04:00:00,24.3,23.9,97.0,1008.65,ลมสงบ,ลมสงบ,6.0,0.2,มีเมฆเต็มท้องฟ้า
432,Trat,ตราด,57.0,48501.0,ตราด,2022-09-12 01:00:00,24.5,23.8,96.0,1010.11,ENE,3.7,6.0,4.9,มีเมฆเต็มท้องฟ้า
433,Trat,ตราด,57.0,48501.0,ตราด,2022-09-11 22:00:00,25.0,24.3,96.0,1011.52,SSE,5.6,5.0,3.2,มีเมฆเต็มท้องฟ้า
434,Buri Ram,บุรีรัมย์,33.0,48437.0,บุรีรัมย์,2022-09-12 19:00:00,26.4,23.6,85.0,1008.04,ลมสงบ,ลมสงบ,10.0,ไม่มีฝน,มีเมฆบางส่วน
435,Buri Ram,บุรีรัมย์,33.0,48437.0,บุรีรัมย์,2022-09-12 16:00:00,29.1,22.6,68.0,1006.87,ลมสงบ,ลมสงบ,10.0,ไม่มีฝน,มีเมฆเป็นส่วนมาก
436,Buri Ram,บุรีรัมย์,33.0,48437.0,บุรีรัมย์,2022-09-12 13:00:00,27.6,24.4,83.0,1008.77,ลมสงบ,ลมสงบ,10.0,ไม่มีฝน,มีเมฆเป็นส่วนมาก
437,Buri Ram,บุรีรัมย์,33.0,48437.0,บุรีรัมย์,2022-09-12 10:00:00,24.7,21.8,84.0,1011.61,ลมสงบ,ลมสงบ,8.0,0.2,มีเมฆมาก
438,Buri Ram,บุรีรัมย์,33.0,48437.0,บุรีรัมย์,2022-09-12 07:00:00,25.2,24.5,96.0,1009.82,ลมสงบ,ลมสงบ,8.0,ไม่มีฝน,มีเมฆมาก
439,Buri Ram,บุรีรัมย์,33.0,48437.0,บุรีรัมย์,2022-09-12 04:00:00,24.8,23.8,94.0,1009.09,ลมสงบ,ลมสงบ,9.0,ไม่มีฝน,มีเมฆเป็นส่วนมาก
440,Buri Ram,บุรีรัมย์,33.0,48437.0,บุรีรัมย์,2022-09-12 01:00:00,25.5,24.6,95.0,1009.26,ลมสงบ,ลมสงบ,10.0,ไม่มีฝน,มีเมฆบางส่วน
441,Buri Ram,บุรีรัมย์,33.0,48437.0,บุรีรัมย์,2022-09-11 22:00:00,26.5,25.4,93.0,1010.05,ลมสงบ,ลมสงบ,10.0,ไม่มีฝน,มีเมฆบางส่วน
442,Chaiyaphum,ชัยภูมิ,29.0,48403.0,ชัยภูมิ,2022-09-12 19:00:00,27.8,25.4,87.0,1007.3,ลมสงบ,ลมสงบ,10.0,ไม่มีฝน,มีเมฆมาก
443,Chaiyaphum,ชัยภูมิ,29.0,48403.0,ชัยภูมิ,2022-09-12 16:00:00,29.8,25.0,75.0,1005.67,ลมสงบ,ลมสงบ,12.0,ไม่มีฝน,มีเมฆเป็นส่วนมาก
444,Chaiyaphum,ชัยภูมิ,29.0,48403.0,ชัยภูมิ,2022-09-12 13:00:00,27.2,23.7,81.0,1008.76,NNE,3.7,10.0,ไม่มีฝน,มีเมฆมาก
445,Chaiyaphum,ชัยภูมิ,29.0,48403.0,ชัยภูมิ,2022-09-12 10:00:00,24.5,23.2,92.0,1011.02,N,7.4,7.0,22.7,มีเมฆเต็มท้องฟ้า
446,Chaiyaphum,ชัยภูมิ,29.0,48403.0,ชัยภูมิ,2022-09-12 07:00:00,25.2,24.5,96.0,1008.87,ลมสงบ,ลมสงบ,10.0,ไม่มีฝน,มีเมฆเป็นส่วนมาก
447,Chaiyaphum,ชัยภูมิ,29.0,48403.0,ชัยภูมิ,2022-09-12 04:00:00,25.0,24.1,95.0,1008.22,ลมสงบ,ลมสงบ,10.0,ไม่มีฝน,มีเมฆเป็นส่วนมาก
448,Chaiyaphum,ชัยภูมิ,29.0,48403.0,ชัยภูมิ,2022-09-12 01:00:00,25.1,22.7,87.0,1009.68,ลมสงบ,ลมสงบ,10.0,ไม่มีฝน,มีเมฆเป็นส่วนมาก
449,Chaiyaphum,ชัยภูมิ,29.0,48403.0,ชัยภูมิ,2022-09-11 22:00:00,27.0,25.1,90.0,1009.93,S,5.6,10.0,ไม่มีฝน,มีเมฆเป็นส่วนมาก
450,Khon Kaen,ขอนแก่น,18.0,48381.0,ขอนแก่น,2022-09-12 19:00:00,26.5,24.3,88.0,1007.4,N,3.7,10.0,ไม่มีฝน,มีเมฆบางส่วน
451,Khon Kaen,ขอนแก่น,18.0,48381.0,ขอนแก่น,2022-09-12 16:00:00,28.5,24.9,81.0,1005.86,WNW,1.9,10.0,ฝนเล็กน้อย,มีเมฆเป็นส่วนมาก
452,Khon Kaen,ขอนแก่น,18.0,48381.0,ขอนแก่น,2022-09-12 13:00:00,31.6,23.2,61.0,1007.76,SSE,13.0,10.0,ไม่มีฝน,มีเมฆเป็นส่วนมาก
453,Khon Kaen,ขอนแก่น,18.0,48381.0,ขอนแก่น,2022-09-12 10:00:00,29.5,24.8,76.0,1010.15,E,16.7,10.0,ไม่มีฝน,มีเมฆเป็นส่วนมาก
454,Khon Kaen,ขอนแก่น,18.0,48381.0,ขอนแก่น,2022-09-12 07:00:00,24.9,24.7,99.0,1008.04,E,1.9,7.0,ไม่มีฝน,มีเมฆบางส่วน
455,Khon Kaen,ขอนแก่น,18.0,48381.0,ขอนแก่น,2022-09-12 04:00:00,24.8,24.6,99.0,1007.92,ลมสงบ,ลมสงบ,7.0,ไม่มีฝน,มีเมฆเป็นส่วนมาก
456,Khon Kaen,ขอนแก่น,18.0,48381.0,ขอนแก่น,2022-09-12 01:00:00,25.6,24.7,95.0,1008.41,ลมสงบ,ลมสงบ,10.0,ไม่มีฝน,มีเมฆเป็นส่วนมาก
457,Khon Kaen,ขอนแก่น,18.0,48381.0,ขอนแก่น,2022-09-11 22:00:00,26.0,24.6,92.0,1008.96,NE,1.9,10.0,ไม่มีฝน,มีเมฆเป็นส่วนมาก
458,Kalasin,กาฬสินธุ์,28.0,48390.0,กาฬสินธุ์,2022-09-12 19:00:00,28.9,24.6,78.0,1007.07,ลมสงบ,ลมสงบ,8.0,ไม่มีฝน,มีเมฆเป็นส่วนมาก
459,Kalasin,กาฬสินธุ์,28.0,48390.0,กาฬสินธุ์,2022-09-12 16:00:00,31.4,24.7,68.0,1005.59,N,3.7,10.0,ไม่มีฝน,มีเมฆเป็นส่วนมาก
460,Kalasin,กาฬสินธุ์,28.0,48390.0,กาฬสินธุ์,2022-09-12 13:00:00,30.5,25.4,74.0,1008.83,SSE,3.7,10.0,ไม่มีฝน,มีเมฆบางส่วน
461,Kalasin,กาฬสินธุ์,28.0,48390.0,กาฬสินธุ์,2022-09-12 10:00:00,29.7,25.2,77.0,1010.35,ESE,3.7,10.0,ไม่มีฝน,มีเมฆบางส่วน
462,Kalasin,กาฬสินธุ์,28.0,48390.0,กาฬสินธุ์,2022-09-12 07:00:00,26.0,24.8,93.0,1009.15,ลมสงบ,ลมสงบ,8.0,ไม่มีฝน,มีเมฆเป็นส่วนมาก
463,Kalasin,กาฬสินธุ์,28.0,48390.0,กาฬสินธุ์,2022-09-12 04:00:00,25.7,25.3,97.0,1008.04,ESE,3.7,6.0,ไม่มีฝน,มีเมฆเป็นส่วนมาก
464,Kalasin,กาฬสินธุ์,28.0,48390.0,กาฬสินธุ์,2022-09-12 01:00:00,26.4,25.1,93.0,1009.06,ลมสงบ,ลมสงบ,8.0,ไม่มีฝน,มีเมฆเป็นส่วนมาก
465,Kalasin,กาฬสินธุ์,28.0,48390.0,กาฬสินธุ์,2022-09-11 22:00:00,26.7,25.1,91.0,1009.22,ลมสงบ,ลมสงบ,8.0,ไม่มีฝน,มีเมฆเต็มท้องฟ้า
466,Maha Sarakham,มหาสารคาม,27.0,48382.0,มหาสารคาม,2022-09-12 19:00:00,28.5,24.5,79.0,1007.72,ลมสงบ,ลมสงบ,10.0,ไม่มีฝน,มีเมฆเป็นส่วนมาก
467,Maha Sarakham,มหาสารคาม,27.0,48382.0,มหาสารคาม,2022-09-12 16:00:00,32.5,23.3,58.0,1005.17,ลมสงบ,ลมสงบ,12.0,ไม่มีฝน,มีเมฆเป็นส่วนมาก
468,Maha Sarakham,มหาสารคาม,27.0,48382.0,มหาสารคาม,2022-09-12 13:00:00,32.3,24.0,62.0,1007.67,SSE,9.3,12.0,ไม่มีฝน,มีเมฆเป็นส่วนมาก
469,Maha Sarakham,มหาสารคาม,27.0,48382.0,มหาสารคาม,2022-09-12 10:00:00,31.0,25.4,72.0,1009.98,ลมสงบ,ลมสงบ,12.0,ไม่มีฝน,มีเมฆเป็นส่วนมาก
470,Maha Sarakham,มหาสารคาม,27.0,48382.0,มหาสารคาม,2022-09-12 07:00:00,26.5,25.8,96.0,1008.99,ลมสงบ,ลมสงบ,8.0,ไม่มีฝน,มีเมฆเป็นส่วนมาก
471,Maha Sarakham,มหาสารคาม,27.0,48382.0,มหาสารคาม,2022-09-12 04:00:00,26.0,25.3,96.0,1008.17,ลมสงบ,ลมสงบ,10.0,ไม่มีฝน,มีเมฆเป็นส่วนมาก
472,Maha Sarakham,มหาสารคาม,27.0,48382.0,มหาสารคาม,2022-09-12 01:00:00,26.6,25.7,95.0,1008.86,ลมสงบ,ลมสงบ,10.0,ไม่มีฝน,มีเมฆเต็มท้องฟ้า
473,Maha Sarakham,มหาสารคาม,27.0,48382.0,มหาสารคาม,2022-09-11 22:00:00,27.7,25.6,88.0,1009.68,ลมสงบ,ลมสงบ,10.0,ไม่มีฝน,มีเมฆเต็มท้องฟ้า
474,Nakhon Ratchasima,นครราชสีมา,20.0,48431.0,นครราชสีมา,2022-09-12 19:00:00,27.0,25.0,89.0,1007.24,SE,3.7,10.0,27.0,มีเมฆเต็มท้องฟ้า
475,Nakhon Ratchasima,นครราชสีมา,20.0,48431.0,นครราชสีมา,2022-09-12 16:00:00,30.7,24.7,71.0,1005.46,E,5.6,8.0,0.1,มีเมฆเต็มท้องฟ้า
476,Nakhon Ratchasima,นครราชสีมา,20.0,48431.0,นครราชสีมา,2022-09-12 13:00:00,30.7,24.6,70.0,1007.97,N,3.7,10.0,ไม่มีฝน,มีเมฆมาก
477,Nakhon Ratchasima,นครราชสีมา,20.0,48431.0,นครราชสีมา,2022-09-12 10:00:00,28.8,24.8,79.0,1010.29,ลมสงบ,ลมสงบ,10.0,ไม่มีฝน,มีเมฆมาก
478,Nakhon Ratchasima,นครราชสีมา,20.0,48431.0,นครราชสีมา,2022-09-12 07:00:00,25.0,24.3,96.0,1009.26,ลมสงบ,ลมสงบ,9.0,ไม่มีฝน,มีเมฆเต็มท้องฟ้า
479,Nakhon Ratchasima,นครราชสีมา,20.0,48431.0,นครราชสีมา,2022-09-12 04:00:00,24.7,24.0,96.0,1008.22,ลมสงบ,ลมสงบ,9.0,ไม่มีฝน,มีเมฆเป็นส่วนมาก
480,Nakhon Ratchasima,นครราชสีมา,20.0,48431.0,นครราชสีมา,2022-09-12 01:00:00,24.9,23.7,93.0,1009.63,ลมสงบ,ลมสงบ,9.0,ไม่มีฝน,มีเมฆมาก
481,Nakhon Ratchasima,นครราชสีมา,20.0,48431.0,นครราชสีมา,2022-09-11 22:00:00,25.5,23.9,91.0,1009.9,ลมสงบ,ลมสงบ,9.0,0.2,มีเมฆเต็มท้องฟ้า
482,Roi Et,ร้อยเอ็ด,21.0,48405.0,ร้อยเอ็ด,2022-09-12 19:00:00,27.8,23.7,79.0,1006.69,WSW,7.4,10.0,11.1,มีเมฆเป็นส่วนมาก
483,Roi Et,ร้อยเอ็ด,21.0,48405.0,ร้อยเอ็ด,2022-09-12 16:00:00,33.8,23.8,56.0,1004.97,ลมสงบ,ลมสงบ,10.0,ไม่มีฝน,มีเมฆเป็นส่วนมาก
484,Roi Et,ร้อยเอ็ด,21.0,48405.0,ร้อยเอ็ด,2022-09-12 13:00:00,31.0,23.8,66.0,1007.05,E,5.6,10.0,ไม่มีฝน,มีเมฆบางส่วน
485,Roi Et,ร้อยเอ็ด,21.0,48405.0,ร้อยเอ็ด,2022-09-12 10:00:00,30.1,24.5,72.0,1010.2,ESE,9.3,10.0,ไม่มีฝน,มีเมฆบางส่วน
486,Roi Et,ร้อยเอ็ด,21.0,48405.0,ร้อยเอ็ด,2022-09-12 07:00:00,25.7,24.7,94.0,1008.75,ลมสงบ,ลมสงบ,10.0,ไม่มีฝน,มีเมฆบางส่วน
487,Roi Et,ร้อยเอ็ด,21.0,48405.0,ร้อยเอ็ด,2022-09-12 04:00:00,25.5,25.1,97.0,1007.72,ลมสงบ,ลมสงบ,10.0,ไม่มีฝน,ท้องฟ้าโปร่ง
488,Roi Et,ร้อยเอ็ด,21.0,48405.0,ร้อยเอ็ด,2022-09-12 01:00:00,26.1,25.2,95.0,1009.93,ลมสงบ,ลมสงบ,10.0,ไม่มีฝน,ท้องฟ้าโปร่ง
489,Roi Et,ร้อยเอ็ด,21.0,48405.0,ร้อยเอ็ด,2022-09-11 22:00:00,27.1,25.7,92.0,1009.24,ลมสงบ,ลมสงบ,10.0,ไม่มีฝน,มีเมฆบางส่วน
490,Surin,สุรินทร์,32.0,48432.0,สุรินทร์,2022-09-12 19:00:00,27.0,24.5,87.0,1008.01,ลมสงบ,ลมสงบ,8.0,ไม่มีฝน,มีเมฆเป็นส่วนมาก
491,Surin,สุรินทร์,32.0,48432.0,สุรินทร์,2022-09-12 16:00:00,29.0,23.9,74.0,1006.47,SSE,5.6,10.0,ไม่มีฝน,มีเมฆเป็นส่วนมาก
492,Surin,สุรินทร์,32.0,48432.0,สุรินทร์,2022-09-12 13:00:00,26.3,24.4,89.0,1008.79,ลมสงบ,ลมสงบ,9.0,2.3,มีเมฆเต็มท้องฟ้า
493,Surin,สุรินทร์,32.0,48432.0,สุรินทร์,2022-09-12 10:00:00,23.5,23.0,97.0,1011.31,ลมสงบ,ลมสงบ,5.0,20.2,มีเมฆเต็มท้องฟ้า
494,Surin,สุรินทร์,32.0,48432.0,สุรินทร์,2022-09-12 07:00:00,26.1,25.2,95.0,1009.1,ลมสงบ,ลมสงบ,8.0,ไม่มีฝน,มีเมฆเป็นส่วนมาก
495,Surin,สุรินทร์,32.0,48432.0,สุรินทร์,2022-09-12 04:00:00,26.0,25.3,96.0,1008.41,ลมสงบ,ลมสงบ,5.0,ไม่มีฝน,มีเมฆบางส่วน
496,Surin,สุรินทร์,32.0,48432.0,สุรินทร์,2022-09-12 01:00:00,26.5,25.5,94.0,1008.94,ลมสงบ,ลมสงบ,6.0,ไม่มีฝน,ท้องฟ้าโปร่ง
497,Surin,สุรินทร์,32.0,48432.0,สุรินทร์,2022-09-11 22:00:00,27.5,25.9,91.0,1009.82,ลมสงบ,ลมสงบ,7.0,ไม่มีฝน,ท้องฟ้าโปร่ง
498,Loei,เลย,17.0,48353.0,เลย,2022-09-12 19:00:00,24.9,23.1,90.0,1008.22,ลมสงบ,ลมสงบ,12.0,ฝนเล็กน้อย,มีเมฆเป็นส่วนมาก
499,Loei,เลย,17.0,48353.0,เลย,2022-09-12 16:00:00,25.1,23.5,91.0,1007.59,NE,3.7,5.0,3.4,มีเมฆเต็มท้องฟ้า
500,Loei,เลย,17.0,48353.0,เลย,2022-09-12 13:00:00,27.2,23.2,79.0,1008.65,WNW,7.4,15.0,ไม่มีฝน,มีเมฆเป็นส่วนมาก
501,Loei,เลย,17.0,48353.0,เลย,2022-09-12 10:00:00,29.2,24.8,77.0,1010.33,W,3.7,12.0,ไม่มีฝน,มีเมฆเป็นส่วนมาก
502,Loei,เลย,17.0,48353.0,เลย,2022-09-12 07:00:00,24.9,24.0,95.0,1009.1,ลมสงบ,ลมสงบ,6.0,ไม่มีฝน,มีเมฆเต็มท้องฟ้า
503,Loei,เลย,17.0,48353.0,เลย,2022-09-12 04:00:00,25.0,24.3,96.0,1008.41,ลมสงบ,ลมสงบ,8.0,ไม่มีฝน,มีเมฆเต็มท้องฟ้า
504,Loei,เลย,17.0,48353.0,เลย,2022-09-12 01:00:00,25.1,24.2,95.0,1009.67,ลมสงบ,ลมสงบ,10.0,ไม่มีฝน,มีเมฆเป็นส่วนมาก
505,Loei,เลย,17.0,48353.0,เลย,2022-09-11 22:00:00,26.0,24.8,93.0,1009.72,ลมสงบ,ลมสงบ,10.0,ไม่มีฝน,มีเมฆเป็นส่วนมาก
506,Nong Khai,หนองคาย,16.0,48352.0,หนองคาย,2022-09-12 19:00:00,25.6,23.2,87.0,1007.7,ลมสงบ,ลมสงบ,10.0,0.6,มีเมฆเป็นส่วนมาก
507,Nong Khai,หนองคาย,16.0,48352.0,หนองคาย,2022-09-12 16:00:00,30.5,24.8,72.0,1005.51,E,3.7,12.0,ไม่มีฝน,มีเมฆเป็นส่วนมาก
508,Nong Khai,หนองคาย,16.0,48352.0,หนองคาย,2022-09-12 13:00:00,32.7,24.6,63.0,1007.67,SSW,5.6,12.0,ไม่มีฝน,มีเมฆบางส่วน
509,Nong Khai,หนองคาย,16.0,48352.0,หนองคาย,2022-09-12 10:00:00,30.0,24.9,74.0,1010.57,ENE,11.1,12.0,ไม่มีฝน,มีเมฆบางส่วน
510,Nong Khai,หนองคาย,16.0,48352.0,หนองคาย,2022-09-12 07:00:00,25.0,24.3,96.0,1009.39,ลมสงบ,ลมสงบ,12.0,ไม่มีฝน,ท้องฟ้าโปร่ง
511,Nong Khai,หนองคาย,16.0,48352.0,หนองคาย,2022-09-12 04:00:00,25.0,24.3,96.0,1008.22,ลมสงบ,ลมสงบ,10.0,ไม่มีฝน,มีเมฆบางส่วน
512,Nong Khai,หนองคาย,16.0,48352.0,หนองคาย,2022-09-12 01:00:00,25.5,24.8,96.0,1009.39,ลมสงบ,ลมสงบ,10.0,ไม่มีฝน,มีเมฆมาก
513,Nong Khai,หนองคาย,16.0,48352.0,หนองคาย,2022-09-11 22:00:00,26.0,24.6,92.0,1008.92,ลมสงบ,ลมสงบ,10.0,ไม่มีฝน,มีเมฆบางส่วน
514,Sakon Nakhon,สกลนคร,26.0,48356.0,สกลนคร,2022-09-12 19:00:00,29.3,24.1,74.0,1006.47,W,3.7,12.0,ไม่มีฝน,ท้องฟ้าโปร่ง
515,Sakon Nakhon,สกลนคร,26.0,48356.0,สกลนคร,2022-09-12 16:00:00,32.1,23.6,61.0,1005.04,ลมสงบ,ลมสงบ,12.0,ไม่มีฝน,ท้องฟ้าโปร่ง
516,Sakon Nakhon,สกลนคร,26.0,48356.0,สกลนคร,2022-09-12 13:00:00,29.2,23.1,70.0,1008.48,WNW,11.1,12.0,ไม่มีฝน,มีเมฆเป็นส่วนมาก
517,Sakon Nakhon,สกลนคร,26.0,48356.0,สกลนคร,2022-09-12 10:00:00,29.9,23.7,69.0,1009.99,SE,3.7,12.0,ไม่มีฝน,มีเมฆบางส่วน
518,Sakon Nakhon,สกลนคร,26.0,48356.0,สกลนคร,2022-09-12 07:00:00,25.4,24.5,95.0,1009.07,ลมสงบ,ลมสงบ,12.0,ไม่มีฝน,ท้องฟ้าโปร่ง
519,Sakon Nakhon,สกลนคร,26.0,48356.0,สกลนคร,2022-09-12 04:00:00,25.2,24.2,94.0,1008.05,ลมสงบ,ลมสงบ,10.0,ไม่มีฝน,มีเมฆเป็นส่วนมาก
520,Sakon Nakhon,สกลนคร,26.0,48356.0,สกลนคร,2022-09-12 01:00:00,25.9,24.0,89.0,1009.1,ลมสงบ,ลมสงบ,10.0,ไม่มีฝน,มีเมฆมาก
521,Sakon Nakhon,สกลนคร,26.0,48356.0,สกลนคร,2022-09-11 22:00:00,26.3,24.1,88.0,1009.64,NNW,5.6,10.0,ไม่มีฝน,มีเมฆเป็นส่วนมาก
522,Udon Thani,อุดรธานี,23.0,48354.0,อุดรธานี,2022-09-12 19:00:00,27.5,23.1,77.0,1007.66,NW,5.6,12.0,ไม่มีฝน,มีเมฆบางส่วน
523,Udon Thani,อุดรธานี,23.0,48354.0,อุดรธานี,2022-09-12 16:00:00,31.8,23.1,60.0,1006.12,S,9.3,15.0,ไม่มีฝน,มีเมฆเป็นส่วนมาก
524,Udon Thani,อุดรธานี,23.0,48354.0,อุดรธานี,2022-09-12 13:00:00,32.2,22.9,58.0,1008.61,SSW,5.6,15.0,ไม่มีฝน,มีเมฆเป็นส่วนมาก
525,Udon Thani,อุดรธานี,23.0,48354.0,อุดรธานี,2022-09-12 10:00:00,30.1,23.9,70.0,1010.45,NE,3.7,15.0,ไม่มีฝน,มีเมฆเป็นส่วนมาก
526,Udon Thani,อุดรธานี,23.0,48354.0,อุดรธานี,2022-09-12 07:00:00,25.7,24.7,94.0,1009.47,ลมสงบ,ลมสงบ,13.0,ไม่มีฝน,ท้องฟ้าโปร่ง
527,Udon Thani,อุดรธานี,23.0,48354.0,อุดรธานี,2022-09-12 04:00:00,25.2,24.3,95.0,1008.41,ลมสงบ,ลมสงบ,10.0,ไม่มีฝน,มีเมฆมาก
528,Udon Thani,อุดรธานี,23.0,48354.0,อุดรธานี,2022-09-12 01:00:00,25.6,24.7,95.0,1009.61,E,1.9,12.0,ไม่มีฝน,มีเมฆบางส่วน
529,Udon Thani,อุดรธานี,23.0,48354.0,อุดรธานี,2022-09-11 22:00:00,26.2,24.8,92.0,1009.7,SSE,1.9,12.0,ไม่มีฝน,ท้องฟ้าโปร่ง
530,Nong Bua Lam Phu,หนองบัวลำภู,24.0,48360.0,หนองบัวลำภู,2022-09-12 19:00:00,27.0,25.0,89.0,1006.8,ลมสงบ,ลมสงบ,12.0,ไม่มีฝน,มีเมฆเต็มท้องฟ้า
531,Nong Bua Lam Phu,หนองบัวลำภู,24.0,48360.0,หนองบัวลำภู,2022-09-12 16:00:00,25.0,24.1,95.0,1006.45,E,3.7,9.0,26.0,มีเมฆเต็มท้องฟ้า
532,Nong Bua Lam Phu,หนองบัวลำภู,24.0,48360.0,หนองบัวลำภู,2022-09-12 13:00:00,30.8,23.1,64.0,1006.75,E,5.6,15.0,ไม่มีฝน,มีเมฆบางส่วน
533,Nong Bua Lam Phu,หนองบัวลำภู,24.0,48360.0,หนองบัวลำภู,2022-09-12 10:00:00,29.5,22.9,68.0,1009.76,ENE,5.6,15.0,ไม่มีฝน,มีเมฆบางส่วน
534,Nong Bua Lam Phu,หนองบัวลำภู,24.0,48360.0,หนองบัวลำภู,2022-09-12 07:00:00,24.3,23.9,97.0,1008.17,ลมสงบ,ลมสงบ,1.5,ไม่มีฝน,ท้องฟ้าโปร่ง
535,Nong Bua Lam Phu,หนองบัวลำภู,24.0,48360.0,หนองบัวลำภู,2022-09-12 04:00:00,24.5,23.8,96.0,1007.39,ลมสงบ,ลมสงบ,10.0,ไม่มีฝน,ท้องฟ้าโปร่ง
536,Nong Bua Lam Phu,หนองบัวลำภู,24.0,48360.0,หนองบัวลำภู,2022-09-12 01:00:00,25.6,24.7,95.0,1008.4,ลมสงบ,ลมสงบ,10.0,ไม่มีฝน,ท้องฟ้าโปร่ง
537,Nong Bua Lam Phu,หนองบัวลำภู,24.0,48360.0,หนองบัวลำภู,2022-09-11 22:00:00,26.0,25.7,98.0,1008.89,ENE,3.7,10.0,ไม่มีฝน,ท้องฟ้าโปร่ง
538,Nakhon Phanom,นครพนม,25.0,48357.0,นครพนม,2022-09-12 19:00:00,29.9,24.2,71.0,1006.89,W,3.7,10.0,ไม่มีฝน,ท้องฟ้าโปร่ง
539,Nakhon Phanom,นครพนม,25.0,48357.0,นครพนม,2022-09-12 16:00:00,33.5,23.4,56.0,1005.12,W,3.7,12.0,ไม่มีฝน,ท้องฟ้าโปร่ง
540,Nakhon Phanom,นครพนม,25.0,48357.0,นครพนม,2022-09-12 13:00:00,33.0,23.0,56.0,1007.87,SW,1.9,12.0,ไม่มีฝน,ท้องฟ้าโปร่ง
541,Nakhon Phanom,นครพนม,25.0,48357.0,นครพนม,2022-09-12 10:00:00,30.9,21.7,58.0,1010.7,SE,5.6,12.0,ไม่มีฝน,ท้องฟ้าโปร่ง
542,Nakhon Phanom,นครพนม,25.0,48357.0,นครพนม,2022-09-12 07:00:00,25.5,23.3,88.0,1009.68,ลมสงบ,ลมสงบ,12.0,ไม่มีฝน,มีเมฆบางส่วน
543,Nakhon Phanom,นครพนม,25.0,48357.0,นครพนม,2022-09-12 04:00:00,25.0,23.5,92.0,1008.9,ลมสงบ,ลมสงบ,12.0,ไม่มีฝน,มีเมฆบางส่วน
544,Nakhon Phanom,นครพนม,25.0,48357.0,นครพนม,2022-09-12 01:00:00,29.0,22.4,68.0,1009.55,ลมสงบ,ลมสงบ,12.0,29.0,มีเมฆเป็นส่วนมาก
545,Nakhon Phanom,นครพนม,25.0,48357.0,นครพนม,2022-09-11 22:00:00,27.0,23.3,80.0,1010.48,ลมสงบ,ลมสงบ,10.0,ไม่มีฝน,มีเมฆเป็นส่วนมาก
546,Mukdahan,มุกดาหาร,22.0,48383.0,มุกดาหาร,2022-09-12 19:00:00,29.5,23.7,71.0,1005.64,ลมสงบ,ลมสงบ,10.0,ไม่มีฝน,ท้องฟ้าโปร่ง
547,Mukdahan,มุกดาหาร,22.0,48383.0,มุกดาหาร,2022-09-12 16:00:00,33.0,21.1,50.0,1004.38,NNE,5.6,10.0,ไม่มีฝน,ท้องฟ้าโปร่ง
548,Mukdahan,มุกดาหาร,22.0,48383.0,มุกดาหาร,2022-09-12 13:00:00,32.0,24.1,63.0,1007.7,N,5.6,10.0,ไม่มีฝน,ท้องฟ้าโปร่ง
549,Mukdahan,มุกดาหาร,22.0,48383.0,มุกดาหาร,2022-09-12 10:00:00,30.0,24.3,71.0,1010.32,E,9.3,10.0,ไม่มีฝน,มีเมฆบางส่วน
550,Mukdahan,มุกดาหาร,22.0,48383.0,มุกดาหาร,2022-09-12 07:00:00,25.5,24.0,92.0,1008.77,ลมสงบ,ลมสงบ,10.0,ไม่มีฝน,ท้องฟ้าโปร่ง
551,Mukdahan,มุกดาหาร,22.0,48383.0,มุกดาหาร,2022-09-12 04:00:00,24.7,23.7,94.0,1007.58,ลมสงบ,ลมสงบ,10.0,ไม่มีฝน,ท้องฟ้าโปร่ง
552,Mukdahan,มุกดาหาร,22.0,48383.0,มุกดาหาร,2022-09-12 01:00:00,25.5,23.7,90.0,1008.41,ลมสงบ,ลมสงบ,10.0,ไม่มีฝน,ท้องฟ้าโปร่ง
553,Mukdahan,มุกดาหาร,22.0,48383.0,มุกดาหาร,2022-09-11 22:00:00,26.5,24.3,88.0,1008.76,ลมสงบ,ลมสงบ,10.0,ไม่มีฝน,ท้องฟ้าโปร่ง
554,Narathiwat,นราธิวาส,65.0,48583.0,นราธิวาส,2022-09-12 19:00:00,24.5,23.0,91.0,1008.51,ลมสงบ,ลมสงบ,7.0,6.1,มีเมฆเต็มท้องฟ้า
555,Narathiwat,นราธิวาส,65.0,48583.0,นราธิวาส,2022-09-12 16:00:00,30.5,22.4,62.0,1007.49,E,9.3,10.0,ไม่มีฝน,มีเมฆเต็มท้องฟ้า
556,Narathiwat,นราธิวาส,65.0,48583.0,นราธิวาส,2022-09-12 13:00:00,31.0,23.8,66.0,1008.95,NNE,9.3,10.0,ไม่มีฝน,มีเมฆมาก
557,Narathiwat,นราธิวาส,65.0,48583.0,นราธิวาส,2022-09-12 10:00:00,28.9,21.9,66.0,1010.94,ลมสงบ,ลมสงบ,10.0,ไม่มีฝน,มีเมฆมาก
558,Narathiwat,นราธิวาส,65.0,48583.0,นราธิวาส,2022-09-12 07:00:00,25.0,22.0,83.0,1009.3,ลมสงบ,ลมสงบ,8.0,0.2,มีเมฆเป็นส่วนมาก
559,Narathiwat,นราธิวาส,65.0,48583.0,นราธิวาส,2022-09-12 04:00:00,25.7,21.6,78.0,1007.88,ลมสงบ,ลมสงบ,8.0,ไม่มีฝน,มีเมฆเป็นส่วนมาก
560,Narathiwat,นราธิวาส,65.0,48583.0,นราธิวาส,2022-09-12 01:00:00,26.5,22.0,76.0,1008.82,ลมสงบ,ลมสงบ,8.0,ไม่มีฝน,มีเมฆเป็นส่วนมาก
561,Narathiwat,นราธิวาส,65.0,48583.0,นราธิวาส,2022-09-11 22:00:00,27.4,21.1,68.0,1010.34,ลมสงบ,ลมสงบ,10.0,ไม่มีฝน,มีเมฆเป็นส่วนมาก
562,Pattani,ปัตตานี,68.0,48580.0,ปัตตานี,2022-09-12 19:00:00,27.5,23.9,81.0,1008.05,ลมสงบ,ลมสงบ,10.0,2.0,มีเมฆเต็มท้องฟ้า
563,Pattani,ปัตตานี,68.0,48580.0,ปัตตานี,2022-09-12 16:00:00,29.8,23.3,68.0,1007.47,WSW,11.1,12.0,ไม่มีฝน,มีเมฆเต็มท้องฟ้า
564,Pattani,ปัตตานี,68.0,48580.0,ปัตตานี,2022-09-12 13:00:00,30.2,20.9,58.0,1008.76,WNW,5.6,12.0,ไม่มีฝน,มีเมฆเต็มท้องฟ้า
565,Pattani,ปัตตานี,68.0,48580.0,ปัตตานี,2022-09-12 10:00:00,30.2,24.8,73.0,1010.49,ลมสงบ,ลมสงบ,12.0,ไม่มีฝน,มีเมฆเต็มท้องฟ้า
566,Pattani,ปัตตานี,68.0,48580.0,ปัตตานี,2022-09-12 07:00:00,24.6,23.3,92.0,1009.02,ลมสงบ,ลมสงบ,10.0,ไม่มีฝน,มีเมฆเต็มท้องฟ้า
567,Pattani,ปัตตานี,68.0,48580.0,ปัตตานี,2022-09-12 04:00:00,25.2,23.1,88.0,1009.73,ลมสงบ,ลมสงบ,10.0,ไม่มีฝน,มีเมฆเต็มท้องฟ้า
568,Pattani,ปัตตานี,68.0,48580.0,ปัตตานี,2022-09-12 01:00:00,25.7,22.6,83.0,1010.18,ลมสงบ,ลมสงบ,10.0,ไม่มีฝน,มีเมฆเต็มท้องฟ้า
569,Pattani,ปัตตานี,68.0,48580.0,ปัตตานี,2022-09-11 22:00:00,26.6,22.3,77.0,1010.29,ลมสงบ,ลมสงบ,10.0,ไม่มีฝน,มีเมฆเต็มท้องฟ้า
570,Bueng Kan,บึงกาฬ,81.0,48363.0,บึงกาฬ,2022-09-12 19:00:00,26.2,25.3,95.0,1007.74,ลมสงบ,ลมสงบ,10.0,ไม่มีฝน,ท้องฟ้าโปร่ง
571,Bueng Kan,บึงกาฬ,81.0,48363.0,บึงกาฬ,2022-09-12 16:00:00,27.0,24.5,87.0,1006.37,ลมสงบ,ลมสงบ,10.0,13.1,มีเมฆมาก
572,Bueng Kan,บึงกาฬ,81.0,48363.0,บึงกาฬ,2022-09-12 13:00:00,25.2,24.2,94.0,1009.51,SSW,13.0,3.0,23.2,มีเมฆเต็มท้องฟ้า
573,Bueng Kan,บึงกาฬ,81.0,48363.0,บึงกาฬ,2022-09-12 10:00:00,30.3,24.6,72.0,1010.29,E,5.6,10.0,ไม่มีฝน,ท้องฟ้าโปร่ง
574,Bueng Kan,บึงกาฬ,81.0,48363.0,บึงกาฬ,2022-09-12 07:00:00,24.8,23.8,94.0,1009.51,ลมสงบ,ลมสงบ,10.0,ไม่มีฝน,ท้องฟ้าโปร่ง
575,Bueng Kan,บึงกาฬ,81.0,48363.0,บึงกาฬ,2022-09-12 04:00:00,24.1,23.9,99.0,1008.51,ลมสงบ,ลมสงบ,10.0,ไม่มีฝน,ท้องฟ้าแจ่มใส
576,Bueng Kan,บึงกาฬ,81.0,48363.0,บึงกาฬ,2022-09-12 01:00:00,25.4,24.2,93.0,1009.95,ลมสงบ,ลมสงบ,10.0,ไม่มีฝน,ท้องฟ้าโปร่ง
577,Bueng Kan,บึงกาฬ,81.0,48363.0,บึงกาฬ,2022-09-11 22:00:00,26.1,24.9,93.0,1009.95,E,3.7,10.0,ไม่มีฝน,มีเมฆเป็นส่วนมาก
